Workbook
Name image: IF('Additional Config.'!$K$3<7,Images!$B$1,Images!$B$2)
Name image: IF('Additionnal Config. (2)'!$K$3<7,Images!$B$1,Images!$B$2)
Name image: IF([1]Config.!$K$3<7,[1]Images!$B$1,[1]Images!$B$2)
Name image: IF(Config.!$K$3<7,Images!$B$1,Images!$B$2)

Sheet Config.
J1: Top PCB: | K1: Not Installed | L1: =IF(VLOOKUP(K1,'[2]Supply Attribution'!AI42:AV74,14,FALSE)=0,"",VLOOKUP(K1,'[2]Supply Attribution'!AI42:AV74,14,FALSE)) | N1: When filling this form: | V1: Pack sku: | X1: 0610-221126-755 | AA1: Specification number: | AC1: SP755001
A2: =IF(RIGHT(L2,4)="128K","CORE FIXED - DO NOT UPDATE CORE VERSION","") | J2: Main PCB: | K2: 9920-201326 | L2: =IF(VLOOKUP(K2,'Supply Attribution'!P17:AD100,15,FALSE)=0,"",VLOOKUP(K2,'Supply Attribution'!P17:AD100,15,FALSE)) -> ASSY PCB IN.YE-V3FLX-5OP-A11-A22-A32-A41-A5DIR | N2: 1 - Select MODEL, REGION. Do not change these parameters thereafter! | R2: =MID(A1,4,3) | V2: Core Number: | X2: 9937-130074 | AA2: Customer software number: | AC2: 9938-755001
J3: Outputs: | K3: =VALUE(MID(J6,7,2)) -> 5 | L3: =IF(AND(K3<6,P9="A6"),"+1","") -> +1 | N3: 2 - If needed, change Main or Top PCB. Do not change these parameters thereafter! | V3: QSC number: | X3: 9919-101830 | AA3: Customer software revision: | AC3: 1
B4: F0-R01-0000-061 | J4: =IF(OR(J6="",J6="Not Set"),"Select Model and Region first","") | L4: =IF(RIGHT(L2,4)="128K","CORE FIXED","") | N4: 3 - Set optional Terminals, High and Low speed relays/tabs (if needed) | V4: QSC revision: | X4: A | AA4: Production software: | AC4: 9940-755001
B5: Document Revision: | G5: L | J5: ¯ MODEL ¯ | K5: ¯ REGION ¯ | L5: ¯ CONNECTION TYPE ¯ | N5: 4 - Fill the rest of the form. For dual pack configurations, place the slave config in the row below its master config. | AA5: Customer name: | AC5: Dynasty
B6: Short Form in.ye/yt flx | J6: in.ye-5 | K6: UL | L6: AMP | N6: TRUE | O6: TRUE
J7: Terminal block ID | K7: =IFERROR(IF($K$3>7,"Terminal Block A","--"),"--") -> -- | O7: -- | P7: Extra | R7: =IFERROR(IF($K$3<7,"--",IF($K$3>10,"Terminal Block B","Terminal Block C")),"--") -> -- | V7: =IFERROR(IF($K$3>10,"Terminal Block C","--"),"--") -> --
J8: Block configuration | K8: =IF(K7="--","--",IF(K3<4,"3-3-4-B","3-4-4-3")) -> -- | O8: -- | P8: -- | Q8: -- | R8: =IFERROR(IF(K3<6,"--",IF(K$3>10,"3-4-4-3","3-3-4-B")),"--") -> -- | V8: =IFERROR(IF(K3>10,"3-3-4-B","--"),"--") -> --
J9: Terminal position | K9: A1 | L9: A2 | M9: A3 | N9: =IF(ISERROR($K$3),"--",(IF($K$3=3,"--","A4"))) -> A4 | O9: =IF(ISERROR($K$3),"--",(IF($K$3>6,"--","A5"))) -> A5 | P9: A6 | Q9: Not Installed | R9: =IF(OR(R7="--",MID(R8,1,1)="B"),"--",CONCATENATE(RIGHT(R7,1),"1")) -> -- | S9: =IF(OR(R7="--",MID(R8,3,1)="B"),"--",CONCATENATE(RIGHT(R7,1),"2")) -> -- | T9: =IF(OR(R7="--",MID(R8,5,1)="B"),"--",CONCATENATE(RIGHT(R7,1),"3")) -> -- | U9: =IF(OR(R7="--",MID(R8,7,1)="B"),"--",CONCATENATE(RIGHT(R7,1),"4")) -> -- | V9: =IF(OR(V7="--",MID(V8,1,1)="B"),"--",CONCATENATE(RIGHT(V7,1),"1")) -> -- | W9: =IF(OR(V7="--",MID(V8,3,1)="B"),"--",CONCATENATE(RIGHT(V7,1),"2")) -> -- | X9: =IF(OR(V7="--",MID(V8,5,1)="B"),"--",CONCATENATE(RIGHT(V7,1),"3")) -> -- | Y9: =IF(AND(RIGHT(V7,1)="C",RIGHT(V8,1)="3"),"C4",IF(AND(RIGHT(V7,1)="B",RIGHT(V8,1)="3"),"B4","--")) -> -- | Z9: CP Usage | AA9: O3 Usage | AB9: O3 Pump | AC9: Filter Interface | AD9: Heater pump | AE9: Connectors
F10: Legend ® | J10: High speed | K10: =IF(ISERROR(VLOOKUP(CONCATENATE(K$9,"-H"),'Supply Attribution'!$O$5:$S$11,4,FALSE)),"--",VLOOKUP(CONCATENATE(K$9,"-H"),'Supply Attribution'!$O$5:$S$11,4,FALSE)) -> K1-P (P30,P31) | L10: =IF(ISERROR(VLOOKUP(CONCATENATE(L$9,"-H"),'Supply Attribution'!$O$5:$S$11,4,FALSE)),"--",VLOOKUP(CONCATENATE(L$9,"-H"),'Supply Attribution'!$O$5:$S$11,4,FALSE)) -> K3-P | M10: =IF(ISERROR(VLOOKUP(CONCATENATE(M$9,"-H"),'Supply Attribution'!$O$5:$S$11,4,FALSE)),"--",VLOOKUP(CONCATENATE(M$9,"-H"),'Supply Attribution'!$O$5:$S$11,4,FALSE)) -> K4-P | N10: =IF(ISERROR(VLOOKUP(CONCATENATE(N$9,"-H"),'Supply Attribution'!$O$5:$S$11,4,FALSE)),"--",VLOOKUP(CONCATENATE(N$9,"-H"),'Supply Attribution'!$O$5:$S$11,4,FALSE)) -> K6-P | O10: =IF(ISERROR(VLOOKUP(CONCATENATE(O$9,"-H"),'Supply Attribution'!$O$5:$S$11,4,FALSE)),"--",VLOOKUP(CONCATENATE(O$9,"-H"),'Supply Attribution'!$O$5:$S$11,4,FALSE)) -> (P49,P50) | P10: K26-P | Q10: =IF(ISERROR(VLOOKUP(CONCATENATE(Q$9,"-H"),'Supply Attribution'!$O$5:$S$11,4,FALSE)),"--",VLOOKUP(CONCATENATE(Q$9,"-H"),'Supply Attribution'!$O$5:$S$11,4,FALSE)) -> -- | R10: =IF(ISERROR(VLOOKUP(CONCATENATE(R$9,"-H"),'Supply Attribution'!$V$5:$Z$12,4,FALSE)),"--",VLOOKUP(CONCATENATE(R$9,"-H"),'Supply Attribution'!$V$5:$Z$12,4,FALSE)) -> -- | S10: =IF(ISERROR(VLOOKUP(CONCATENATE(S$9,"-H"),'Supply Attribution'!$V$5:$Z$12,4,FALSE)),"--",VLOOKUP(CONCATENATE(S$9,"-H"),'Supply Attribution'!$V$5:$Z$12,4,FALSE)) -> -- | T10: =IF(ISERROR(VLOOKUP(CONCATENATE(T$9,"-H"),'Supply Attribution'!$V$5:$Z$12,4,FALSE)),"--",VLOOKUP(CONCATENATE(T$9,"-H"),'Supply Attribution'!$V$5:$Z$12,4,FALSE)) -> -- | U10: =IF(ISERROR(VLOOKUP(CONCATENATE(U$9,"-H"),'Supply Attribution'!$V$5:$Z$12,4,FALSE)),"--",VLOOKUP(CONCATENATE(U$9,"-H"),'Supply Attribution'!$V$5:$Z$12,4,FALSE)) -> -- | V10: =IF(ISERROR(VLOOKUP(CONCATENATE(V$9,"-H"),'Supply Attribution'!$V$5:$Z$12,4,FALSE)),"--",VLOOKUP(CONCATENATE(V$9,"-H"),'Supply Attribution'!$V$5:$Z$12,4,FALSE)) -> -- | W10: =IF(ISERROR(VLOOKUP(CONCATENATE(W$9,"-H"),'Supply Attribution'!$V$5:$Z$12,4,FALSE)),"--",VLOOKUP(CONCATENATE(W$9,"-H"),'Supply Attribution'!$V$5:$Z$12,4,FALSE)) -> -- | X10: =IF(ISERROR(VLOOKUP(CONCATENATE(X$9,"-H"),'Supply Attribution'!$V$5:$Z$12,4,FALSE)),"--",VLOOKUP(CONCATENATE(X$9,"-H"),'Supply Attribution'!$V$5:$Z$12,4,FALSE)) -> -- | Y10: =IF(ISERROR(VLOOKUP(CONCATENATE(Y$9,"-H"),'Supply Attribution'!$V$5:$Z$12,4,FALSE)),"--",VLOOKUP(CONCATENATE(Y$9,"-H"),'Supply Attribution'!$V$5:$Z$12,4,FALSE)) -> -- | AE10: SKU OUT H
F11: Incorrect Setting | K11: =IF(K10="--","--",IF(ISNA(VLOOKUP(K10,'Supply Attribution'!$B$4:$G$20,5,FALSE)),"Not Installed",VLOOKUP(K10,'Supply Attribution'!$B$4:$G$20,5,FALSE))) -> OUT 4 | L11: =IF(L10="--","--",IF(ISNA(VLOOKUP(L10,'Supply Attribution'!$B$4:$G$20,5,FALSE)),"Not Installed",VLOOKUP(L10,'Supply Attribution'!$B$4:$G$20,5,FALSE))) -> OUT 1 | M11: =IF(M10="--","--",IF(ISNA(VLOOKUP(M10,'Supply Attribution'!$B$4:$G$20,5,FALSE)),"Not Installed",VLOOKUP(M10,'Supply Attribution'!$B$4:$G$20,5,FALSE))) -> OUT 2 | N11: =IF(N10="--","--",IF(ISNA(VLOOKUP(N10,'Supply Attribution'!$B$4:$G$20,5,FALSE)),"Not Installed",VLOOKUP(N10,'Supply Attribution'!$B$4:$G$20,5,FALSE))) -> OUT 3 | O11: =IF(O10="--","--",IF(ISNA(VLOOKUP(O10,'Supply Attribution'!$B$4:$G$20,5,FALSE)),"Not Installed",VLOOKUP(O10,'Supply Attribution'!$B$4:$G$20,5,FALSE))) -> DIRECT | P11: =IF(P10="--","--",IF(ISNA(VLOOKUP(P10,'Supply Attribution'!$B$4:$G$20,5,FALSE)),"Not Installed",VLOOKUP(P10,'Supply Attribution'!$B$4:$G$20,5,FALSE))) -> OUT 6 | Q11: =IF(Q10="--","--",IF(ISNA(VLOOKUP(Q10,'Supply Attribution'!$B$4:$G$20,5,FALSE)),"Not Installed",VLOOKUP(Q10,'Supply Attribution'!$B$4:$G$20,5,FALSE))) -> -- | R11: =IF(R10="--","--",IF(ISNA(VLOOKUP(R10,'Supply Attribution'!$B$4:$G$20,5,FALSE)),"Not Installed",VLOOKUP(R10,'Supply Attribution'!$B$4:$G$20,5,FALSE))) -> -- | ... Y11: =IF(Y10="--","--",IF(ISNA(VLOOKUP(Y10,'Supply Attribution'!$B$4:$G$20,5,FALSE)),"Not Installed",VLOOKUP(Y10,'Supply Attribution'!$B$4:$G$20,5,FALSE))) -> --
F12: Single Output | J12: Low speed | K12: =IF(ISERROR(VLOOKUP(CONCATENATE(K$9,"-L"),'Supply Attribution'!$P$5:$S$11,3,FALSE)),"--",VLOOKUP(CONCATENATE(K$9,"-L"),'Supply Attribution'!$P$5:$S$11,3,FALSE)) -> -- | L12: =IF(ISERROR(VLOOKUP(CONCATENATE(L$9,"-L"),'Supply Attribution'!$P$5:$S$11,3,FALSE)),"--",VLOOKUP(CONCATENATE(L$9,"-L"),'Supply Attribution'!$P$5:$S$11,3,FALSE)) -> K6-P | M12: =IF(ISERROR(VLOOKUP(CONCATENATE(M$9,"-L"),'Supply Attribution'!$P$5:$S$11,3,FALSE)),"--",VLOOKUP(CONCATENATE(M$9,"-L"),'Supply Attribution'!$P$5:$S$11,3,FALSE)) -> K2-P (P46,P47) | N12: =IF(ISERROR(VLOOKUP(CONCATENATE(N$9,"-L"),'Supply Attribution'!$P$5:$S$11,3,FALSE)),"--",VLOOKUP(CONCATENATE(N$9,"-L"),'Supply Attribution'!$P$5:$S$11,3,FALSE)) -> -- | O12: =IF(ISERROR(VLOOKUP(CONCATENATE(O$9,"-L"),'Supply Attribution'!$P$5:$S$11,3,FALSE)),"--",VLOOKUP(CONCATENATE(O$9,"-L"),'Supply Attribution'!$P$5:$S$11,3,FALSE)) -> -- | P12: =IF(ISERROR(VLOOKUP(CONCATENATE(P$9,"-L"),'Supply Attribution'!$P$5:$S$11,3,FALSE)),"--",VLOOKUP(CONCATENATE(P$9,"-L"),'Supply Attribution'!$P$5:$S$11,3,FALSE)) -> -- | Q12: =IF(ISERROR(VLOOKUP(CONCATENATE(Q$9,"-L"),'Supply Attribution'!$P$5:$S$11,3,FALSE)),"--",VLOOKUP(CONCATENATE(Q$9,"-L"),'Supply Attribution'!$P$5:$S$11,3,FALSE)) -> -- | R12: =IF(ISERROR(VLOOKUP(CONCATENATE(R$9,"-L"),'Supply Attribution'!$W$5:$Z$12,3,FALSE)),"--",VLOOKUP(CONCATENATE(R$9,"-L"),'Supply Attribution'!$W$5:$Z$12,3,FALSE)) -> -- | S12: =IF(ISERROR(VLOOKUP(CONCATENATE(S$9,"-L"),'Supply Attribution'!$W$5:$Z$12,3,FALSE)),"--",VLOOKUP(CONCATENATE(S$9,"-L"),'Supply Attribution'!$W$5:$Z$12,3,FALSE)) -> -- | T12: =IF(ISERROR(VLOOKUP(CONCATENATE(T$9,"-L"),'Supply Attribution'!$W$5:$Z$12,3,FALSE)),"--",VLOOKUP(CONCATENATE(T$9,"-L"),'Supply Attribution'!$W$5:$Z$12,3,FALSE)) -> -- | U12: =IF(ISERROR(VLOOKUP(CONCATENATE(U$9,"-L"),'Supply Attribution'!$W$5:$Z$12,3,FALSE)),"--",VLOOKUP(CONCATENATE(U$9,"-L"),'Supply Attribution'!$W$5:$Z$12,3,FALSE)) -> -- | V12: =IF(ISERROR(VLOOKUP(CONCATENATE(V$9,"-L"),'Supply Attribution'!$W$5:$Z$12,3,FALSE)),"--",VLOOKUP(CONCATENATE(V$9,"-L"),'Supply Attribution'!$W$5:$Z$12,3,FALSE)) -> -- | W12: =IF(ISERROR(VLOOKUP(CONCATENATE(W$9,"-L"),'Supply Attribution'!$W$5:$Z$12,3,FALSE)),"--",VLOOKUP(CONCATENATE(W$9,"-L"),'Supply Attribution'!$W$5:$Z$12,3,FALSE)) -> -- | X12: =IF(ISERROR(VLOOKUP(CONCATENATE(X$9,"-L"),'Supply Attribution'!$W$5:$Z$12,3,FALSE)),"--",VLOOKUP(CONCATENATE(X$9,"-L"),'Supply Attribution'!$W$5:$Z$12,3,FALSE)) -> -- | Y12: =IF(ISERROR(VLOOKUP(CONCATENATE(Y$9,"-L"),'Supply Attribution'!$W$5:$Z$12,3,FALSE)),"--",VLOOKUP(CONCATENATE(Y$9,"-L"),'Supply Attribution'!$W$5:$Z$12,3,FALSE)) -> -- | AE12: SKU OUT L
F13: Shared Output | K13: =IF(K12="--","--",IF(ISNA(VLOOKUP(K12,'Supply Attribution'!$B$4:$G$20,5,FALSE)),"Not Installed",VLOOKUP(K12,'Supply Attribution'!$B$4:$G$20,5,FALSE))) -> -- | L13: =IF(L12="--","--",IF(ISNA(VLOOKUP(L12,'Supply Attribution'!$B$4:$G$20,5,FALSE)),"Not Installed",VLOOKUP(L12,'Supply Attribution'!$B$4:$G$20,5,FALSE))) -> OUT 3 | M13: =IF(M12="--","--",IF(ISNA(VLOOKUP(M12,'Supply Attribution'!$B$4:$G$20,5,FALSE)),"Not Installed",VLOOKUP(M12,'Supply Attribution'!$B$4:$G$20,5,FALSE))) -> OUT 5 | N13: =IF(N12="--","--",IF(ISNA(VLOOKUP(N12,'Supply Attribution'!$B$4:$G$20,5,FALSE)),"Not Installed",VLOOKUP(N12,'Supply Attribution'!$B$4:$G$20,5,FALSE))) -> -- | O13: =IF(O12="--","--",IF(ISNA(VLOOKUP(O12,'Supply Attribution'!$B$4:$G$20,5,FALSE)),"Not Installed",VLOOKUP(O12,'Supply Attribution'!$B$4:$G$20,5,FALSE))) -> -- | P13: =IF(P12="--","--",IF(ISNA(VLOOKUP(P12,'Supply Attribution'!$B$4:$G$20,5,FALSE)),"Not Installed",VLOOKUP(P12,'Supply Attribution'!$B$4:$G$20,5,FALSE))) -> -- | Q13: =IF(Q12="--","--",IF(ISNA(VLOOKUP(Q12,'Supply Attribution'!$B$4:$G$20,5,FALSE)),"Not Installed",VLOOKUP(Q12,'Supply Attribution'!$B$4:$G$20,5,FALSE))) -> -- | R13: =IF(R12="--","--",IF(ISNA(VLOOKUP(R12,'Supply Attribution'!$B$4:$G$20,5,FALSE)),"Not Installed",VLOOKUP(R12,'Supply Attribution'!$B$4:$G$20,5,FALSE))) -> -- | ... Y13: =IF(Y12="--","--",IF(ISNA(VLOOKUP(Y12,'Supply Attribution'!$B$4:$G$20,5,FALSE)),"Not Installed",VLOOKUP(Y12,'Supply Attribution'!$B$4:$G$20,5,FALSE))) -> --
J14: Fuse (high speed) | K14: =IF(ISERROR(VLOOKUP(K10,'Supply Attribution'!$B$4:$G$20,6,FALSE)),"--",VLOOKUP(K10,'Supply Attribution'!$B$4:$G$20,6,FALSE)) -> F2 | L14: =IF(ISERROR(VLOOKUP(L10,'Supply Attribution'!$B$4:$G$20,6,FALSE)),"--",VLOOKUP(L10,'Supply Attribution'!$B$4:$G$20,6,FALSE)) -> F3 | M14: =IF(ISERROR(VLOOKUP(M10,'Supply Attribution'!$B$4:$G$20,6,FALSE)),"--",VLOOKUP(M10,'Supply Attribution'!$B$4:$G$20,6,FALSE)) -> F1 | N14: =IF(ISERROR(VLOOKUP(N10,'Supply Attribution'!$B$4:$G$20,6,FALSE)),"--",VLOOKUP(N10,'Supply Attribution'!$B$4:$G$20,6,FALSE)) -> F3 | O14: =IF(ISERROR(VLOOKUP(O10,'Supply Attribution'!$B$4:$G$20,6,FALSE)),"--",VLOOKUP(O10,'Supply Attribution'!$B$4:$G$20,6,FALSE)) -> F1 | P14: =IF(ISERROR(VLOOKUP(P10,'Supply Attribution'!$B$4:$G$20,6,FALSE)),"--",VLOOKUP(P10,'Supply Attribution'!$B$4:$G$20,6,FALSE)) -> F23 | Q14: =IF(ISERROR(VLOOKUP(Q10,'Supply Attribution'!$B$4:$G$20,6,FALSE)),"--",VLOOKUP(Q10,'Supply Attribution'!$B$4:$G$20,6,FALSE)) -> -- | R14: =IF(ISERROR(VLOOKUP(R10,'Supply Attribution'!$B$4:$G$20,6,FALSE)),"--",VLOOKUP(R10,'Supply Attribution'!$B$4:$G$20,6,FALSE)) -> -- | ... Y14: =IF(ISERROR(VLOOKUP(Y10,'Supply Attribution'!$B$4:$G$20,6,FALSE)),"--",VLOOKUP(Y10,'Supply Attribution'!$B$4:$G$20,6,FALSE)) -> --
J15: Fuse (low speed) | K15: =IF(ISERROR(VLOOKUP(K12,'Supply Attribution'!$B$4:$G$20,6,FALSE)),"--",VLOOKUP(K12,'Supply Attribution'!$B$4:$G$20,6,FALSE)) -> -- | L15: =IF(ISERROR(VLOOKUP(L12,'Supply Attribution'!$B$4:$G$20,6,FALSE)),"--",VLOOKUP(L12,'Supply Attribution'!$B$4:$G$20,6,FALSE)) -> F3 | M15: =IF(ISERROR(VLOOKUP(M12,'Supply Attribution'!$B$4:$G$20,6,FALSE)),"--",VLOOKUP(M12,'Supply Attribution'!$B$4:$G$20,6,FALSE)) -> F2 | N15: =IF(ISERROR(VLOOKUP(N12,'Supply Attribution'!$B$4:$G$20,6,FALSE)),"--",VLOOKUP(N12,'Supply Attribution'!$B$4:$G$20,6,FALSE)) -> -- | O15: =IF(ISERROR(VLOOKUP(O12,'Supply Attribution'!$B$4:$G$20,6,FALSE)),"--",VLOOKUP(O12,'Supply Attribution'!$B$4:$G$20,6,FALSE)) -> -- | P15: =IF(ISERROR(VLOOKUP(P12,'Supply Attribution'!$B$4:$G$20,6,FALSE)),"--",VLOOKUP(P12,'Supply Attribution'!$B$4:$G$20,6,FALSE)) -> -- | Q15: =IF(ISERROR(VLOOKUP(Q12,'Supply Attribution'!$B$4:$G$20,6,FALSE)),"--",VLOOKUP(Q12,'Supply Attribution'!$B$4:$G$20,6,FALSE)) -> -- | R15: =IF(ISERROR(VLOOKUP(R12,'Supply Attribution'!$B$4:$G$20,6,FALSE)),"--",VLOOKUP(R12,'Supply Attribution'!$B$4:$G$20,6,FALSE)) -> -- | ... Y15: =IF(ISERROR(VLOOKUP(Y12,'Supply Attribution'!$B$4:$G$20,6,FALSE)),"--",VLOOKUP(Y12,'Supply Attribution'!$B$4:$G$20,6,FALSE)) -> --
A16: ¯ Fuses and Line(s) MAX load ¯ | J16: Line (high speed) | K16: =IF(ISNA(VLOOKUP(CONCATENATE(K14,"Line"),'Supply Attribution'!$F$31:$G$37,2,FALSE)),"--",VLOOKUP(CONCATENATE(K14,"Line"),'Supply Attribution'!$F$31:$G$37,2,FALSE)) -> Line1 | L16: =IF(ISNA(VLOOKUP(CONCATENATE(L14,"Line"),'Supply Attribution'!$F$31:$G$37,2,FALSE)),"--",VLOOKUP(CONCATENATE(L14,"Line"),'Supply Attribution'!$F$31:$G$37,2,FALSE)) -> Line1 | M16: =IF(ISNA(VLOOKUP(CONCATENATE(M14,"Line"),'Supply Attribution'!$F$31:$G$37,2,FALSE)),"--",VLOOKUP(CONCATENATE(M14,"Line"),'Supply Attribution'!$F$31:$G$37,2,FALSE)) -> Line1 | N16: =IF(ISNA(VLOOKUP(CONCATENATE(N14,"Line"),'Supply Attribution'!$F$31:$G$37,2,FALSE)),"--",VLOOKUP(CONCATENATE(N14,"Line"),'Supply Attribution'!$F$31:$G$37,2,FALSE)) -> Line1 | O16: =IF(ISNA(VLOOKUP(CONCATENATE(O14,"Line"),'Supply Attribution'!$F$31:$G$37,2,FALSE)),"--",VLOOKUP(CONCATENATE(O14,"Line"),'Supply Attribution'!$F$31:$G$37,2,FALSE)) -> Line1 | P16: =IF(ISNA(VLOOKUP(CONCATENATE(P14,"Line"),'Supply Attribution'!$F$31:$G$37,2,FALSE)),"--",VLOOKUP(CONCATENATE(P14,"Line"),'Supply Attribution'!$F$31:$G$37,2,FALSE)) -> Line1 | Q16: =IF(ISNA(VLOOKUP(CONCATENATE(Q14,"Line"),'Supply Attribution'!$F$31:$G$37,2,FALSE)),"--",VLOOKUP(CONCATENATE(Q14,"Line"),'Supply Attribution'!$F$31:$G$37,2,FALSE)) -> -- | R16: =IF(ISNA(VLOOKUP(CONCATENATE(R14,"Line"),'Supply Attribution'!$F$31:$G$37,2,FALSE)),"--",VLOOKUP(CONCATENATE(R14,"Line"),'Supply Attribution'!$F$31:$G$37,2,FALSE)) -> -- | ... Y16: =IF(ISNA(VLOOKUP(CONCATENATE(Y14,"Line"),'Supply Attribution'!$F$31:$G$37,2,FALSE)),"--",VLOOKUP(CONCATENATE(Y14,"Line"),'Supply Attribution'!$F$31:$G$37,2,FALSE)) -> --
A17: Load control will be applied in some cases | J17: Line (low speed) | K17: =IF(ISNA(VLOOKUP(CONCATENATE(K15,"Line"),'Supply Attribution'!$F$31:$G$37,2,FALSE)),"--",VLOOKUP(CONCATENATE(K15,"Line"),'Supply Attribution'!$F$31:$G$37,2,FALSE)) -> -- | L17: =IF(ISNA(VLOOKUP(CONCATENATE(L15,"Line"),'Supply Attribution'!$F$31:$G$37,2,FALSE)),"--",VLOOKUP(CONCATENATE(L15,"Line"),'Supply Attribution'!$F$31:$G$37,2,FALSE)) -> Line1 | M17: =IF(ISNA(VLOOKUP(CONCATENATE(M15,"Line"),'Supply Attribution'!$F$31:$G$37,2,FALSE)),"--",VLOOKUP(CONCATENATE(M15,"Line"),'Supply Attribution'!$F$31:$G$37,2,FALSE)) -> Line1 | N17: =IF(ISNA(VLOOKUP(CONCATENATE(N15,"Line"),'Supply Attribution'!$F$31:$G$37,2,FALSE)),"--",VLOOKUP(CONCATENATE(N15,"Line"),'Supply Attribution'!$F$31:$G$37,2,FALSE)) -> -- | O17: =IF(ISNA(VLOOKUP(CONCATENATE(O15,"Line"),'Supply Attribution'!$F$31:$G$37,2,FALSE)),"--",VLOOKUP(CONCATENATE(O15,"Line"),'Supply Attribution'!$F$31:$G$37,2,FALSE)) -> -- | P17: =IF(ISNA(VLOOKUP(CONCATENATE(P15,"Line"),'Supply Attribution'!$F$31:$G$37,2,FALSE)),"--",VLOOKUP(CONCATENATE(P15,"Line"),'Supply Attribution'!$F$31:$G$37,2,FALSE)) -> -- | Q17: =IF(ISNA(VLOOKUP(CONCATENATE(Q15,"Line"),'Supply Attribution'!$F$31:$G$37,2,FALSE)),"--",VLOOKUP(CONCATENATE(Q15,"Line"),'Supply Attribution'!$F$31:$G$37,2,FALSE)) -> -- | R17: =IF(ISNA(VLOOKUP(CONCATENATE(R15,"Line"),'Supply Attribution'!$F$31:$G$37,2,FALSE)),"--",VLOOKUP(CONCATENATE(R15,"Line"),'Supply Attribution'!$F$31:$G$37,2,FALSE)) -> -- | ... Y17: =IF(ISNA(VLOOKUP(CONCATENATE(Y15,"Line"),'Supply Attribution'!$F$31:$G$37,2,FALSE)),"--",VLOOKUP(CONCATENATE(Y15,"Line"),'Supply Attribution'!$F$31:$G$37,2,FALSE)) -> --
A18: F1 | B18: F2 | C18: F3 | D18: F21 | E18: F22 | F18: F23 | G18: Line1 | H18: =IF(AND(K6="CE",T59<>"1 Phase"),"Line2","") | I18: =IF(AND($K$6="CE",T59="3 Phases"),"Line3","") | Z18: CP Usage | AA18: O3 Usage | AB18: O3 Pump | AC18: Filter Interface | AD18: Heater pump
A19: =VLOOKUP(CONCATENATE(A18,"CURRENT"),'Supply Attribution'!$F22:$G30,2,FALSE) -> 15 | B19: =VLOOKUP(CONCATENATE(B18,"CURRENT"),'Supply Attribution'!$F22:$G30,2,FALSE) -> 15 | C19: =VLOOKUP(CONCATENATE(C18,"CURRENT"),'Supply Attribution'!$F22:$G30,2,FALSE) -> 24 | D19: =VLOOKUP(CONCATENATE(D18,"CURRENT"),'Supply Attribution'!$F22:$G30,2,FALSE) -> N/A | E19: =VLOOKUP(CONCATENATE(E18,"CURRENT"),'Supply Attribution'!$F22:$G30,2,FALSE) -> N/A | F19: =VLOOKUP(CONCATENATE(F18,"CURRENT"),'Supply Attribution'!$F22:$G30,2,FALSE) -> N/A | G19: =IF(AND(K6="CE",T59="2 phases"),MIN(20,T60),IF(AND(K6="CE",T59="3 Phases"),MIN(16,T60),MIN(48,T60))) -> 48 | H19: =IF(OR(K6="UL",T59="1 phase"),"",IF(T59="2 Phases",MIN(20,T60),MIN(16,T60))) | I19: =IF(AND(K6="CE",T59="3 Phases"),MIN(T60,16),"") | J19: Typical | K19: O3/CP | L19: P2_1SP | M19: P1_2SP | N19: P3_1SP | O19: DIRECT | P19: BL | Q19: -- | R19: -- | S19: P4_2SP | T19: P5_1SP | U19: BL | V19: DIRECT 2 | W19: CP | X19: P3_2SP | Y19: -- | Z19: Standard | AA19: ON when filtering | AB19: CP | AC19: With CP | AD19: CP
A20: =IF($K$6="CE",CONCATENATE("Heater on ",'Supply Attribution'!G20),"") | F20: =IF(AND(X86<>"Not Set",X86<>""),CONCATENATE("Heat Pump on ",X87),"") -> Heat Pump on Not Set | G20: =IF($K$6="UL","Heater on Line1","") -> Heater on Line1
A21: =IF(AND($K21<>"",$K21<>"--",$K21<>"O3/CP",$K$14=A$18),IF(LEFT($K21,1)="P",VLOOKUP(CONCATENATE(LEFT($K21,2),"H"),$R$63:$T$91,3,FALSE),VLOOKUP($K21,$R$63:$T$91,3,FALSE)))+IF(AND($K21<>"",$K21<>"O3/CP",$K$15=A$18,MID($K21,4,1)="2",$K$15<>$K$14),VLOOKUP(CONCATENATE(LEFT($K21,2),"L"),$R$63:$T$91,3,FALSE),0)+IF(AND($K21="O3/CP",$K$14=A$18),VLOOKUP("O3",$R$63:$T$91,3,FALSE)+VLOOKUP("CP",$R$63:$T$91,3,FALSE),0)+IF(AND($L21<>"",$L21<>"--",$L21<>"O3/CP",$L$14=A$18),IF(LEFT($L21,1)="P",VLOOKUP(CONCATENATE(LEFT($L21,2),"H"),$R$63:$T$91,3,FALSE),VLOOKUP($L21,$R$63:$T$91,3,FALSE)))+IF(AND($L21<>"",$L21<>"O3/CP",$L$15=A$18,MID($L21,4,1)="2",$L$15<>$L$14),VLOOKUP(CONCATENATE(LEFT($L21,2),"L"),$R$63:$T$91,3,FALSE),0)+IF(AND($L21="O3/CP",$L$14=A$18),VLOOKUP("O3",$R$63:$T$91,3,FALSE)+VLOOKUP("CP",$R$63:$T$91,3,FALSE),0)+IF(AND($M21<>"",$M21<>"--",$M21<>"O3/CP",$M$14=A$18),IF(LEFT($M21,1)="P",VLOOKUP(CONCATENATE(LEFT($M21,2),"H"),$R$63:$T$91,3,FALSE),VLOOKUP($M21,$R$63:$T$91,3,FALSE)))+IF(AND($M21<>"",$M21<>"O3/CP",$M$15=A$18,MID($M21,4,1)="2",$M$15<>$M$14),VLOOKUP(CONCATENATE(LEFT($M21,2),"L"),$R$63:$T$91,3,FALSE),0)+IF(AND($M21="O3/CP",$M$14=A$18),VLOOKUP("O3",$R$63:$T$91,3,FALSE)+VLOOKUP("CP",$R$63:$T$91,3,FALSE),0)+IF(AND($N21<>"",$N21<>"--",$N21<>"O3/CP",$N$14=A$18),IF(LEFT($N21,1)="P",VLOOKUP(CONCATENATE(LEFT($N21,2),"H"),$R$63:$T$91,3,FALSE),VLOOKUP($N21,$R$63:$T$91,3,FALSE)))+IF(AND($N21<>"",$N21<>"O3/CP",$N$15=A$18,MID($N21,4,1)="2",$N$15<>$N$14),VLOOKUP(CONCATENATE(LEFT($N21,2),"L"),$R$63:$T$91,3,FALSE),0)+IF(AND($N21="O3/CP",$N$14=A$18),VLOOKUP("O3",$R$63:$T$91,3,FALSE)+VLOOKUP("CP",$R$63:$T$91,3,FALSE),0)+IF(AND($O21<>"",$O21<>"--",$O21<>"O3/CP",$O$14=A$18),IF(LEFT($O21,1)="P",VLOOKUP(CONCATENATE(LEFT($O21,2),"H"),$R$63:$T$91,3,FALSE),VLOOKUP($O21,$R$63:$T$91,3,FALSE)))+IF(AND($O21<>"",$O21<>"O3/CP",$O$15=A$18,MID($O21,4,1)="2",$O$15<>$O$14),VLOOKUP(CONCATENATE(LEFT($O21,2),"L"),$R$63:$T$91,3,FALSE),0)+IF(AND($O21="O3/CP",$O$14=A$18),VLOOKUP("O3",$R$63:$T$91,3,FALSE)+VLOOKUP("CP",$R$63:$T$91,3,FALSE),0)+IF(AND($P21<>"",$P21<>"--",$P21<>"O3/CP",$P$14=A$18),IF(LEFT($P21,1)="P",VLOOKUP(CONCATENATE(LEFT($P21,2),"H"),$R$63:$T$91,3,FALSE),VLOOKUP($P21,$R$63:$T$91,3,FALSE)))+IF(AND($P21<>"",$P21<>"O3/CP",$P$15=A$18,MID($P21,4,1)="2",$P$15<>$P$14),VLOOKUP(CONCATENATE(LEFT($P21,2),"L"),$R$63:$T$91,3,FALSE),0)+IF(AND($P21="O3/CP",$P$14=A$18),VLOOKUP("O3",$R$63:$T$91,3,FALSE)+VLOOKUP("CP",$R$63:$T$91,3,FALSE),0)+IF(AND($Q21<>"",$Q21<>"--",$Q21<>"O3/CP",$Q$14=A$18),IF(LEFT($Q21,1)="P",VLOOKUP(CONCATENATE(LEFT($Q21,2),"H"),$R$63:$T$91,3,FALSE),VLOOKUP($Q21,$R$63:$T$91,3,FALSE)))+IF(AND($Q21<>"",$Q21<>"O3/CP",$Q$15=A$18,MID($Q21,4,1)="2",$Q$15<>$Q$14),VLOOKUP(CONCATENATE(LEFT($Q21,2),"L"),$R$63:$T$91,3,FALSE),0)+IF(AND($Q21="O3/CP",$Q$14=A$18),VLOOKUP("O3",$R$63:$T$91,3,FALSE)+VLOOKUP("CP",$R$63:$T$91,3,FALSE),0)+IF(AND($R21<>"",$R21<>"--",$R21<>"O3/CP",$R$14=A$18),IF(LEFT($R21,1)="P",VLOOKUP(CONCATENATE(LEFT($R21,2),"H"),$R$63:$T$91,3,FALSE),VLOOKUP($R21,$R$63:$T$91,3,FALSE)))+IF(AND($R21<>"",$R21<>"O3/CP",$R$15=A$18,MID($R21,4,1)="2",$R$15<>$R$14),VLOOKUP(CONCATENATE(LEFT($R21,2),"L"),$R$63:$T$91,3,FALSE),0)+IF(AND($R21="O3/CP",$R$14=A$18),VLOOKUP("O3",$R$63:$T$91,3,FALSE)+VLOOKUP("CP",$R$63:$T$91,3,FALSE),0)+IF(AND($S21<>"",$S21<>"--",$S21<>"O3/CP",$S$14=A$18),IF(LEFT($S21,1)="P",VLOOKUP(CONCATENATE(LEFT($S21,2),"H"),$R$63:$T$91,3,FALSE),VLOOKUP($S21,$R$63:$T$91,3,FALSE)))+IF(AND($S21<>"",$S21<>"O3/CP",$S$15=A$18,MID($S21,4,1)="2",$S$15<>$S$14),VLOOKUP(CONCATENATE(LEFT($S21,2),"L"),$R$63:$T$91,3,FALSE),0)+IF(AND($S21="O3/CP",$S$14=A$18),VLOOKUP("O3",$R$63:$T$91,3,FALSE)+VLOOKUP("CP",$R$63:$T$91,3,FALSE),0)+IF(AND($T21<>"",$T21<>"--",$T21<>"O3/CP",$T$14=A$18),IF(LEFT($T21,1)="P",VLOOKUP(CONCATENATE(LEFT($T21,2),"H"),$R$63:$T$91,3,FALSE),VLOOKUP($T21,$R$63:$T$91,3,FALSE)))+IF(AND($T21<>"",$T21<>"O3/CP",$T$15=A$18,MID($T21,4,1)="2",$T$15<>$T$14),VLOOKUP(CONCATENATE(LEFT($T21,2),"L"),$R$63:$T$91,3,FALSE),0)+IF(AND($T21="O3/CP",$T$14=A$18),VLOOKUP("O3",$R$63:$T$91,3,FALSE)+VLOOKUP("CP",$R$63:$T$91,3,FALSE),0)+IF(AND($U21<>"",$U21<>"--",$U21<>"O3/CP",$U$14=A$18),IF(LEFT($U21,1)="P",VLOOKUP(CONCATENATE(LEFT($U21,2),"H"),$R$63:$T$91,3,FALSE),VLOOKUP($U21,$R$63:$T$91,3,FALSE)))+IF(AND($U21<>"",$U21<>"O3/CP",$U$15=A$18,MID($U21,4,1)="2",$U$15<>$U$14),VLOOKUP(CONCATENATE(LEFT($U21,2),"L"),$R$63:$T$91,3,FALSE),0)+IF(AND($U21="O3/CP",$T$14=A$18),VLOOKUP("O3",$R$63:$T$91,3,FALSE)+VLOOKUP("CP",$R$63:$T$91,3,FALSE),0)+IF(AND($V21<>"",$V21<>"--",$V21<>"O3/CP",$V$14=A$18),IF(LEFT($V21,1)="P",VLOOKUP(CONCATENATE(LEFT($V21,2),"H"),$R$63:$T$91,3,FALSE),VLOOKUP($V21,$R$63:$T$91,3,FALSE)))+IF(AND($V21<>"",$V21<>"O3/CP",$V$15=A$18,MID($V21,4,1)="2",$V$15<>$V$14),VLOOKUP(CONCATENATE(LEFT($V21,2),"L"),$R$63:$T$91,3,FALSE),0)+IF(AND($V21="O3/CP",$V$14=A$18),VLOOKUP("O3",$R$63:$T$91,3,FALSE)+VLOOKUP("CP",$R$63:$T$91,3,FALSE),0)+IF(AND($W21<>"",$W21<>"--",$W21<>"O3/CP",$W$14=A$18),IF(LEFT($W21,1)="P",VLOOKUP(CONCATENATE(LEFT($W21,2),"H"),$R$63:$T$91,3,FALSE),VLOOKUP($W21,$R$63:$T$91,3,FALSE)))+IF(AND($W21<>"",$W21<>"O3/CP",$W$15=A$18,MID($W21,4,1)="2",$W$15<>$W$14),VLOOKUP(CONCATENATE(LEFT($W21,2),"L"),$R$63:$T$91,3,FALSE),0)+IF(AND($W21="O3/CP",$W$14=A$18),VLOOKUP("O3",$R$63:$T$91,3,FALSE)+VLOOKUP("CP",$R$63:$T$91,3,FALSE),0)+IF(AND($X21<>"",$X21<>"--",$X21<>"O3/CP",$X$14=A$18),IF(LEFT($X21,1)="P",VLOOKUP(CONCATENATE(LEFT($X21,2),"H"),$R$63:$T$91,3,FALSE),VLOOKUP($X21,$R$63:$T$91,3,FALSE)))+IF(AND($X21<>"",$X21<>"O3/CP",$X$15=A$18,MID($X21,4,1)="2",$X$15<>$X$14),VLOOKUP(CONCATENATE(LEFT($X21,2),"L"),$R$63:$T$91,3,FALSE),0)+IF(AND($X21="O3/CP",$X$14=A$18),VLOOKUP("O3",$R$63:$T$91,3,FALSE)+VLOOKUP("CP",$R$63:$T$91,3,FALSE),0)+IF(AND($Y21<>"",$Y21<>"--",$Y21<>"O3/CP",$Y$14=A$18),IF(LEFT($Y21,1)="P",VLOOKUP(CONCATENATE(LEFT($Y21,2),"H"),$R$63:$T$91,3,FALSE),VLOOKUP($Y21,$R$63:$T$91,3,FALSE)))+IF(AND($Y21<>"",$Y21<>"O3/CP",$Y$15=A$18,MID($Y21,4,1)="2",$Y$15<>$Y$14),VLOOKUP(CONCATENATE(LEFT($Y21,2),"L"),$R$63:$T$91,3,FALSE),0)+IF(AND($Y21="O3/CP",$Y$14=A$18),VLOOKUP("O3",$R$63:$T$91,3,FALSE)+VLOOKUP("CP",$R$63:$T$91,3,FALSE),0)+IF(AND($K$6="CE",'[3]Supply Attribution'!$G$20=A$18),LEFT($S$90,2),0)+IF(AND($X$86<>"Not Set",$X$87=A$18),$X$86,0) -> 13 | B21: =IF(AND($K21<>"",$K21<>"--",$K21<>"O3/CP",$K$14=B$18),IF(LEFT($K21,1)="P",VLOOKUP(CONCATENATE(LEFT($K21,2),"H"),$R$63:$T$91,3,FALSE),VLOOKUP($K21,$R$63:$T$91,3,FALSE)))+IF(AND($K21<>"",$K21<>"O3/CP",$K$15=B$18,MID($K21,4,1)="2",$K$15<>$K$14),VLOOKUP(CONCATENATE(LEFT($K21,2),"L"),$R$63:$T$91,3,FALSE),0)+IF(AND($K21="O3/CP",$K$14=B$18),VLOOKUP("O3",$R$63:$T$91,3,FALSE)+VLOOKUP("CP",$R$63:$T$91,3,FALSE),0)+IF(AND($L21<>"",$L21<>"--",$L21<>"O3/CP",$L$14=B$18),IF(LEFT($L21,1)="P",VLOOKUP(CONCATENATE(LEFT($L21,2),"H"),$R$63:$T$91,3,FALSE),VLOOKUP($L21,$R$63:$T$91,3,FALSE)))+IF(AND($L21<>"",$L21<>"O3/CP",$L$15=B$18,MID($L21,4,1)="2",$L$15<>$L$14),VLOOKUP(CONCATENATE(LEFT($L21,2),"L"),$R$63:$T$91,3,FALSE),0)+IF(AND($L21="O3/CP",$L$14=B$18),VLOOKUP("O3",$R$63:$T$91,3,FALSE)+VLOOKUP("CP",$R$63:$T$91,3,FALSE),0)+IF(AND($M21<>"",$M21<>"--",$M21<>"O3/CP",$M$14=B$18),IF(LEFT($M21,1)="P",VLOOKUP(CONCATENATE(LEFT($M21,2),"H"),$R$63:$T$91,3,FALSE),VLOOKUP($M21,$R$63:$T$91,3,FALSE)))+IF(AND($M21<>"",$M21<>"O3/CP",$M$15=B$18,MID($M21,4,1)="2",$M$15<>$M$14),VLOOKUP(CONCATENATE(LEFT($M21,2),"L"),$R$63:$T$91,3,FALSE),0)+IF(AND($M21="O3/CP",$M$14=B$18),VLOOKUP("O3",$R$63:$T$91,3,FALSE)+VLOOKUP("CP",$R$63:$T$91,3,FALSE),0)+IF(AND($N21<>"",$N21<>"--",$N21<>"O3/CP",$N$14=B$18),IF(LEFT($N21,1)="P",VLOOKUP(CONCATENATE(LEFT($N21,2),"H"),$R$63:$T$91,3,FALSE),VLOOKUP($N21,$R$63:$T$91,3,FALSE)))+IF(AND($N21<>"",$N21<>"O3/CP",$N$15=B$18,MID($N21,4,1)="2",$N$15<>$N$14),VLOOKUP(CONCATENATE(LEFT($N21,2),"L"),$R$63:$T$91,3,FALSE),0)+IF(AND($N21="O3/CP",$N$14=B$18),VLOOKUP("O3",$R$63:$T$91,3,FALSE)+VLOOKUP("CP",$R$63:$T$91,3,FALSE),0)+IF(AND($O21<>"",$O21<>"--",$O21<>"O3/CP",$O$14=B$18),IF(LEFT($O21,1)="P",VLOOKUP(CONCATENATE(LEFT($O21,2),"H"),$R$63:$T$91,3,FALSE),VLOOKUP($O21,$R$63:$T$91,3,FALSE)))+IF(AND($O21<>"",$O21<>"O3/CP",$O$15=B$18,MID($O21,4,1)="2",$O$15<>$O$14),VLOOKUP(CONCATENATE(LEFT($O21,2),"L"),$R$63:$T$91,3,FALSE),0)+IF(AND($O21="O3/CP",$O$14=B$18),VLOOKUP("O3",$R$63:$T$91,3,FALSE)+VLOOKUP("CP",$R$63:$T$91,3,FALSE),0)+IF(AND($P21<>"",$P21<>"--",$P21<>"O3/CP",$P$14=B$18),IF(LEFT($P21,1)="P",VLOOKUP(CONCATENATE(LEFT($P21,2),"H"),$R$63:$T$91,3,FALSE),VLOOKUP($P21,$R$63:$T$91,3,FALSE)))+IF(AND($P21<>"",$P21<>"O3/CP",$P$15=B$18,MID($P21,4,1)="2",$P$15<>$P$14),VLOOKUP(CONCATENATE(LEFT($P21,2),"L"),$R$63:$T$91,3,FALSE),0)+IF(AND($P21="O3/CP",$P$14=B$18),VLOOKUP("O3",$R$63:$T$91,3,FALSE)+VLOOKUP("CP",$R$63:$T$91,3,FALSE),0)+IF(AND($Q21<>"",$Q21<>"--",$Q21<>"O3/CP",$Q$14=B$18),IF(LEFT($Q21,1)="P",VLOOKUP(CONCATENATE(LEFT($Q21,2),"H"),$R$63:$T$91,3,FALSE),VLOOKUP($Q21,$R$63:$T$91,3,FALSE)))+IF(AND($Q21<>"",$Q21<>"O3/CP",$Q$15=B$18,MID($Q21,4,1)="2",$Q$15<>$Q$14),VLOOKUP(CONCATENATE(LEFT($Q21,2),"L"),$R$63:$T$91,3,FALSE),0)+IF(AND($Q21="O3/CP",$Q$14=B$18),VLOOKUP("O3",$R$63:$T$91,3,FALSE)+VLOOKUP("CP",$R$63:$T$91,3,FALSE),0)+IF(AND($R21<>"",$R21<>"--",$R21<>"O3/CP",$R$14=B$18),IF(LEFT($R21,1)="P",VLOOKUP(CONCATENATE(LEFT($R21,2),"H"),$R$63:$T$91,3,FALSE),VLOOKUP($R21,$R$63:$T$91,3,FALSE)))+IF(AND($R21<>"",$R21<>"O3/CP",$R$15=B$18,MID($R21,4,1)="2",$R$15<>$R$14),VLOOKUP(CONCATENATE(LEFT($R21,2),"L"),$R$63:$T$91,3,FALSE),0)+IF(AND($R21="O3/CP",$R$14=B$18),VLOOKUP("O3",$R$63:$T$91,3,FALSE)+VLOOKUP("CP",$R$63:$T$91,3,FALSE),0)+IF(AND($S21<>"",$S21<>"--",$S21<>"O3/CP",$S$14=B$18),IF(LEFT($S21,1)="P",VLOOKUP(CONCATENATE(LEFT($S21,2),"H"),$R$63:$T$91,3,FALSE),VLOOKUP($S21,$R$63:$T$91,3,FALSE)))+IF(AND($S21<>"",$S21<>"O3/CP",$S$15=B$18,MID($S21,4,1)="2",$S$15<>$S$14),VLOOKUP(CONCATENATE(LEFT($S21,2),"L"),$R$63:$T$91,3,FALSE),0)+IF(AND($S21="O3/CP",$S$14=B$18),VLOOKUP("O3",$R$63:$T$91,3,FALSE)+VLOOKUP("CP",$R$63:$T$91,3,FALSE),0)+IF(AND($T21<>"",$T21<>"--",$T21<>"O3/CP",$T$14=B$18),IF(LEFT($T21,1)="P",VLOOKUP(CONCATENATE(LEFT($T21,2),"H"),$R$63:$T$91,3,FALSE),VLOOKUP($T21,$R$63:$T$91,3,FALSE)))+IF(AND($T21<>"",$T21<>"O3/CP",$T$15=B$18,MID($T21,4,1)="2",$T$15<>$T$14),VLOOKUP(CONCATENATE(LEFT($T21,2),"L"),$R$63:$T$91,3,FALSE),0)+IF(AND($T21="O3/CP",$T$14=B$18),VLOOKUP("O3",$R$63:$T$91,3,FALSE)+VLOOKUP("CP",$R$63:$T$91,3,FALSE),0)+IF(AND($U21<>"",$U21<>"--",$U21<>"O3/CP",$U$14=B$18),IF(LEFT($U21,1)="P",VLOOKUP(CONCATENATE(LEFT($U21,2),"H"),$R$63:$T$91,3,FALSE),VLOOKUP($U21,$R$63:$T$91,3,FALSE)))+IF(AND($U21<>"",$U21<>"O3/CP",$U$15=B$18,MID($U21,4,1)="2",$U$15<>$U$14),VLOOKUP(CONCATENATE(LEFT($U21,2),"L"),$R$63:$T$91,3,FALSE),0)+IF(AND($U21="O3/CP",$T$14=B$18),VLOOKUP("O3",$R$63:$T$91,3,FALSE)+VLOOKUP("CP",$R$63:$T$91,3,FALSE),0)+IF(AND($V21<>"",$V21<>"--",$V21<>"O3/CP",$V$14=B$18),IF(LEFT($V21,1)="P",VLOOKUP(CONCATENATE(LEFT($V21,2),"H"),$R$63:$T$91,3,FALSE),VLOOKUP($V21,$R$63:$T$91,3,FALSE)))+IF(AND($V21<>"",$V21<>"O3/CP",$V$15=B$18,MID($V21,4,1)="2",$V$15<>$V$14),VLOOKUP(CONCATENATE(LEFT($V21,2),"L"),$R$63:$T$91,3,FALSE),0)+IF(AND($V21="O3/CP",$V$14=B$18),VLOOKUP("O3",$R$63:$T$91,3,FALSE)+VLOOKUP("CP",$R$63:$T$91,3,FALSE),0)+IF(AND($W21<>"",$W21<>"--",$W21<>"O3/CP",$W$14=B$18),IF(LEFT($W21,1)="P",VLOOKUP(CONCATENATE(LEFT($W21,2),"H"),$R$63:$T$91,3,FALSE),VLOOKUP($W21,$R$63:$T$91,3,FALSE)))+IF(AND($W21<>"",$W21<>"O3/CP",$W$15=B$18,MID($W21,4,1)="2",$W$15<>$W$14),VLOOKUP(CONCATENATE(LEFT($W21,2),"L"),$R$63:$T$91,3,FALSE),0)+IF(AND($W21="O3/CP",$W$14=B$18),VLOOKUP("O3",$R$63:$T$91,3,FALSE)+VLOOKUP("CP",$R$63:$T$91,3,FALSE),0)+IF(AND($X21<>"",$X21<>"--",$X21<>"O3/CP",$X$14=B$18),IF(LEFT($X21,1)="P",VLOOKUP(CONCATENATE(LEFT($X21,2),"H"),$R$63:$T$91,3,FALSE),VLOOKUP($X21,$R$63:$T$91,3,FALSE)))+IF(AND($X21<>"",$X21<>"O3/CP",$X$15=B$18,MID($X21,4,1)="2",$X$15<>$X$14),VLOOKUP(CONCATENATE(LEFT($X21,2),"L"),$R$63:$T$91,3,FALSE),0)+IF(AND($X21="O3/CP",$X$14=B$18),VLOOKUP("O3",$R$63:$T$91,3,FALSE)+VLOOKUP("CP",$R$63:$T$91,3,FALSE),0)+IF(AND($Y21<>"",$Y21<>"--",$Y21<>"O3/CP",$Y$14=B$18),IF(LEFT($Y21,1)="P",VLOOKUP(CONCATENATE(LEFT($Y21,2),"H"),$R$63:$T$91,3,FALSE),VLOOKUP($Y21,$R$63:$T$91,3,FALSE)))+IF(AND($Y21<>"",$Y21<>"O3/CP",$Y$15=B$18,MID($Y21,4,1)="2",$Y$15<>$Y$14),VLOOKUP(CONCATENATE(LEFT($Y21,2),"L"),$R$63:$T$91,3,FALSE),0)+IF(AND($Y21="O3/CP",$Y$14=B$18),VLOOKUP("O3",$R$63:$T$91,3,FALSE)+VLOOKUP("CP",$R$63:$T$91,3,FALSE),0)+IF(AND($K$6="CE",'[3]Supply Attribution'!$G$20=B$18),LEFT($S$90,2),0)+IF(AND($X$86<>"Not Set",$X$87=B$18),$X$86,0) -> 5 | C21: =IF(AND($K21<>"",$K21<>"--",$K21<>"O3/CP",$K$14=C$18),IF(LEFT($K21,1)="P",VLOOKUP(CONCATENATE(LEFT($K21,2),"H"),$R$63:$T$91,3,FALSE),VLOOKUP($K21,$R$63:$T$91,3,FALSE)))+IF(AND($K21<>"",$K21<>"O3/CP",$K$15=C$18,MID($K21,4,1)="2",$K$15<>$K$14),VLOOKUP(CONCATENATE(LEFT($K21,2),"L"),$R$63:$T$91,3,FALSE),0)+IF(AND($K21="O3/CP",$K$14=C$18),VLOOKUP("O3",$R$63:$T$91,3,FALSE)+VLOOKUP("CP",$R$63:$T$91,3,FALSE),0)+IF(AND($L21<>"",$L21<>"--",$L21<>"O3/CP",$L$14=C$18),IF(LEFT($L21,1)="P",VLOOKUP(CONCATENATE(LEFT($L21,2),"H"),$R$63:$T$91,3,FALSE),VLOOKUP($L21,$R$63:$T$91,3,FALSE)))+IF(AND($L21<>"",$L21<>"O3/CP",$L$15=C$18,MID($L21,4,1)="2",$L$15<>$L$14),VLOOKUP(CONCATENATE(LEFT($L21,2),"L"),$R$63:$T$91,3,FALSE),0)+IF(AND($L21="O3/CP",$L$14=C$18),VLOOKUP("O3",$R$63:$T$91,3,FALSE)+VLOOKUP("CP",$R$63:$T$91,3,FALSE),0)+IF(AND($M21<>"",$M21<>"--",$M21<>"O3/CP",$M$14=C$18),IF(LEFT($M21,1)="P",VLOOKUP(CONCATENATE(LEFT($M21,2),"H"),$R$63:$T$91,3,FALSE),VLOOKUP($M21,$R$63:$T$91,3,FALSE)))+IF(AND($M21<>"",$M21<>"O3/CP",$M$15=C$18,MID($M21,4,1)="2",$M$15<>$M$14),VLOOKUP(CONCATENATE(LEFT($M21,2),"L"),$R$63:$T$91,3,FALSE),0)+IF(AND($M21="O3/CP",$M$14=C$18),VLOOKUP("O3",$R$63:$T$91,3,FALSE)+VLOOKUP("CP",$R$63:$T$91,3,FALSE),0)+IF(AND($N21<>"",$N21<>"--",$N21<>"O3/CP",$N$14=C$18),IF(LEFT($N21,1)="P",VLOOKUP(CONCATENATE(LEFT($N21,2),"H"),$R$63:$T$91,3,FALSE),VLOOKUP($N21,$R$63:$T$91,3,FALSE)))+IF(AND($N21<>"",$N21<>"O3/CP",$N$15=C$18,MID($N21,4,1)="2",$N$15<>$N$14),VLOOKUP(CONCATENATE(LEFT($N21,2),"L"),$R$63:$T$91,3,FALSE),0)+IF(AND($N21="O3/CP",$N$14=C$18),VLOOKUP("O3",$R$63:$T$91,3,FALSE)+VLOOKUP("CP",$R$63:$T$91,3,FALSE),0)+IF(AND($O21<>"",$O21<>"--",$O21<>"O3/CP",$O$14=C$18),IF(LEFT($O21,1)="P",VLOOKUP(CONCATENATE(LEFT($O21,2),"H"),$R$63:$T$91,3,FALSE),VLOOKUP($O21,$R$63:$T$91,3,FALSE)))+IF(AND($O21<>"",$O21<>"O3/CP",$O$15=C$18,MID($O21,4,1)="2",$O$15<>$O$14),VLOOKUP(CONCATENATE(LEFT($O21,2),"L"),$R$63:$T$91,3,FALSE),0)+IF(AND($O21="O3/CP",$O$14=C$18),VLOOKUP("O3",$R$63:$T$91,3,FALSE)+VLOOKUP("CP",$R$63:$T$91,3,FALSE),0)+IF(AND($P21<>"",$P21<>"--",$P21<>"O3/CP",$P$14=C$18),IF(LEFT($P21,1)="P",VLOOKUP(CONCATENATE(LEFT($P21,2),"H"),$R$63:$T$91,3,FALSE),VLOOKUP($P21,$R$63:$T$91,3,FALSE)))+IF(AND($P21<>"",$P21<>"O3/CP",$P$15=C$18,MID($P21,4,1)="2",$P$15<>$P$14),VLOOKUP(CONCATENATE(LEFT($P21,2),"L"),$R$63:$T$91,3,FALSE),0)+IF(AND($P21="O3/CP",$P$14=C$18),VLOOKUP("O3",$R$63:$T$91,3,FALSE)+VLOOKUP("CP",$R$63:$T$91,3,FALSE),0)+IF(AND($Q21<>"",$Q21<>"--",$Q21<>"O3/CP",$Q$14=C$18),IF(LEFT($Q21,1)="P",VLOOKUP(CONCATENATE(LEFT($Q21,2),"H"),$R$63:$T$91,3,FALSE),VLOOKUP($Q21,$R$63:$T$91,3,FALSE)))+IF(AND($Q21<>"",$Q21<>"O3/CP",$Q$15=C$18,MID($Q21,4,1)="2",$Q$15<>$Q$14),VLOOKUP(CONCATENATE(LEFT($Q21,2),"L"),$R$63:$T$91,3,FALSE),0)+IF(AND($Q21="O3/CP",$Q$14=C$18),VLOOKUP("O3",$R$63:$T$91,3,FALSE)+VLOOKUP("CP",$R$63:$T$91,3,FALSE),0)+IF(AND($R21<>"",$R21<>"--",$R21<>"O3/CP",$R$14=C$18),IF(LEFT($R21,1)="P",VLOOKUP(CONCATENATE(LEFT($R21,2),"H"),$R$63:$T$91,3,FALSE),VLOOKUP($R21,$R$63:$T$91,3,FALSE)))+IF(AND($R21<>"",$R21<>"O3/CP",$R$15=C$18,MID($R21,4,1)="2",$R$15<>$R$14),VLOOKUP(CONCATENATE(LEFT($R21,2),"L"),$R$63:$T$91,3,FALSE),0)+IF(AND($R21="O3/CP",$R$14=C$18),VLOOKUP("O3",$R$63:$T$91,3,FALSE)+VLOOKUP("CP",$R$63:$T$91,3,FALSE),0)+IF(AND($S21<>"",$S21<>"--",$S21<>"O3/CP",$S$14=C$18),IF(LEFT($S21,1)="P",VLOOKUP(CONCATENATE(LEFT($S21,2),"H"),$R$63:$T$91,3,FALSE),VLOOKUP($S21,$R$63:$T$91,3,FALSE)))+IF(AND($S21<>"",$S21<>"O3/CP",$S$15=C$18,MID($S21,4,1)="2",$S$15<>$S$14),VLOOKUP(CONCATENATE(LEFT($S21,2),"L"),$R$63:$T$91,3,FALSE),0)+IF(AND($S21="O3/CP",$S$14=C$18),VLOOKUP("O3",$R$63:$T$91,3,FALSE)+VLOOKUP("CP",$R$63:$T$91,3,FALSE),0)+IF(AND($T21<>"",$T21<>"--",$T21<>"O3/CP",$T$14=C$18),IF(LEFT($T21,1)="P",VLOOKUP(CONCATENATE(LEFT($T21,2),"H"),$R$63:$T$91,3,FALSE),VLOOKUP($T21,$R$63:$T$91,3,FALSE)))+IF(AND($T21<>"",$T21<>"O3/CP",$T$15=C$18,MID($T21,4,1)="2",$T$15<>$T$14),VLOOKUP(CONCATENATE(LEFT($T21,2),"L"),$R$63:$T$91,3,FALSE),0)+IF(AND($T21="O3/CP",$T$14=C$18),VLOOKUP("O3",$R$63:$T$91,3,FALSE)+VLOOKUP("CP",$R$63:$T$91,3,FALSE),0)+IF(AND($U21<>"",$U21<>"--",$U21<>"O3/CP",$U$14=C$18),IF(LEFT($U21,1)="P",VLOOKUP(CONCATENATE(LEFT($U21,2),"H"),$R$63:$T$91,3,FALSE),VLOOKUP($U21,$R$63:$T$91,3,FALSE)))+IF(AND($U21<>"",$U21<>"O3/CP",$U$15=C$18,MID($U21,4,1)="2",$U$15<>$U$14),VLOOKUP(CONCATENATE(LEFT($U21,2),"L"),$R$63:$T$91,3,FALSE),0)+IF(AND($U21="O3/CP",$T$14=C$18),VLOOKUP("O3",$R$63:$T$91,3,FALSE)+VLOOKUP("CP",$R$63:$T$91,3,FALSE),0)+IF(AND($V21<>"",$V21<>"--",$V21<>"O3/CP",$V$14=C$18),IF(LEFT($V21,1)="P",VLOOKUP(CONCATENATE(LEFT($V21,2),"H"),$R$63:$T$91,3,FALSE),VLOOKUP($V21,$R$63:$T$91,3,FALSE)))+IF(AND($V21<>"",$V21<>"O3/CP",$V$15=C$18,MID($V21,4,1)="2",$V$15<>$V$14),VLOOKUP(CONCATENATE(LEFT($V21,2),"L"),$R$63:$T$91,3,FALSE),0)+IF(AND($V21="O3/CP",$V$14=C$18),VLOOKUP("O3",$R$63:$T$91,3,FALSE)+VLOOKUP("CP",$R$63:$T$91,3,FALSE),0)+IF(AND($W21<>"",$W21<>"--",$W21<>"O3/CP",$W$14=C$18),IF(LEFT($W21,1)="P",VLOOKUP(CONCATENATE(LEFT($W21,2),"H"),$R$63:$T$91,3,FALSE),VLOOKUP($W21,$R$63:$T$91,3,FALSE)))+IF(AND($W21<>"",$W21<>"O3/CP",$W$15=C$18,MID($W21,4,1)="2",$W$15<>$W$14),VLOOKUP(CONCATENATE(LEFT($W21,2),"L"),$R$63:$T$91,3,FALSE),0)+IF(AND($W21="O3/CP",$W$14=C$18),VLOOKUP("O3",$R$63:$T$91,3,FALSE)+VLOOKUP("CP",$R$63:$T$91,3,FALSE),0)+IF(AND($X21<>"",$X21<>"--",$X21<>"O3/CP",$X$14=C$18),IF(LEFT($X21,1)="P",VLOOKUP(CONCATENATE(LEFT($X21,2),"H"),$R$63:$T$91,3,FALSE),VLOOKUP($X21,$R$63:$T$91,3,FALSE)))+IF(AND($X21<>"",$X21<>"O3/CP",$X$15=C$18,MID($X21,4,1)="2",$X$15<>$X$14),VLOOKUP(CONCATENATE(LEFT($X21,2),"L"),$R$63:$T$91,3,FALSE),0)+IF(AND($X21="O3/CP",$X$14=C$18),VLOOKUP("O3",$R$63:$T$91,3,FALSE)+VLOOKUP("CP",$R$63:$T$91,3,FALSE),0)+IF(AND($Y21<>"",$Y21<>"--",$Y21<>"O3/CP",$Y$14=C$18),IF(LEFT($Y21,1)="P",VLOOKUP(CONCATENATE(LEFT($Y21,2),"H"),$R$63:$T$91,3,FALSE),VLOOKUP($Y21,$R$63:$T$91,3,FALSE)))+IF(AND($Y21<>"",$Y21<>"O3/CP",$Y$15=C$18,MID($Y21,4,1)="2",$Y$15<>$Y$14),VLOOKUP(CONCATENATE(LEFT($Y21,2),"L"),$R$63:$T$91,3,FALSE),0)+IF(AND($Y21="O3/CP",$Y$14=C$18),VLOOKUP("O3",$R$63:$T$91,3,FALSE)+VLOOKUP("CP",$R$63:$T$91,3,FALSE),0)+IF(AND($K$6="CE",'[3]Supply Attribution'!$G$20=C$18),LEFT($S$90,2),0)+IF(AND($X$86<>"Not Set",$X$87=C$18),$X$86,0) -> 0 | D21: =IF(AND($K21<>"",$K21<>"--",$K21<>"O3/CP",$K$14=D$18),IF(LEFT($K21,1)="P",VLOOKUP(CONCATENATE(LEFT($K21,2),"H"),$R$63:$T$91,3,FALSE),VLOOKUP($K21,$R$63:$T$91,3,FALSE)))+IF(AND($K21<>"",$K21<>"O3/CP",$K$15=D$18,MID($K21,4,1)="2",$K$15<>$K$14),VLOOKUP(CONCATENATE(LEFT($K21,2),"L"),$R$63:$T$91,3,FALSE),0)+IF(AND($K21="O3/CP",$K$14=D$18),VLOOKUP("O3",$R$63:$T$91,3,FALSE)+VLOOKUP("CP",$R$63:$T$91,3,FALSE),0)+IF(AND($L21<>"",$L21<>"--",$L21<>"O3/CP",$L$14=D$18),IF(LEFT($L21,1)="P",VLOOKUP(CONCATENATE(LEFT($L21,2),"H"),$R$63:$T$91,3,FALSE),VLOOKUP($L21,$R$63:$T$91,3,FALSE)))+IF(AND($L21<>"",$L21<>"O3/CP",$L$15=D$18,MID($L21,4,1)="2",$L$15<>$L$14),VLOOKUP(CONCATENATE(LEFT($L21,2),"L"),$R$63:$T$91,3,FALSE),0)+IF(AND($L21="O3/CP",$L$14=D$18),VLOOKUP("O3",$R$63:$T$91,3,FALSE)+VLOOKUP("CP",$R$63:$T$91,3,FALSE),0)+IF(AND($M21<>"",$M21<>"--",$M21<>"O3/CP",$M$14=D$18),IF(LEFT($M21,1)="P",VLOOKUP(CONCATENATE(LEFT($M21,2),"H"),$R$63:$T$91,3,FALSE),VLOOKUP($M21,$R$63:$T$91,3,FALSE)))+IF(AND($M21<>"",$M21<>"O3/CP",$M$15=D$18,MID($M21,4,1)="2",$M$15<>$M$14),VLOOKUP(CONCATENATE(LEFT($M21,2),"L"),$R$63:$T$91,3,FALSE),0)+IF(AND($M21="O3/CP",$M$14=D$18),VLOOKUP("O3",$R$63:$T$91,3,FALSE)+VLOOKUP("CP",$R$63:$T$91,3,FALSE),0)+IF(AND($N21<>"",$N21<>"--",$N21<>"O3/CP",$N$14=D$18),IF(LEFT($N21,1)="P",VLOOKUP(CONCATENATE(LEFT($N21,2),"H"),$R$63:$T$91,3,FALSE),VLOOKUP($N21,$R$63:$T$91,3,FALSE)))+IF(AND($N21<>"",$N21<>"O3/CP",$N$15=D$18,MID($N21,4,1)="2",$N$15<>$N$14),VLOOKUP(CONCATENATE(LEFT($N21,2),"L"),$R$63:$T$91,3,FALSE),0)+IF(AND($N21="O3/CP",$N$14=D$18),VLOOKUP("O3",$R$63:$T$91,3,FALSE)+VLOOKUP("CP",$R$63:$T$91,3,FALSE),0)+IF(AND($O21<>"",$O21<>"--",$O21<>"O3/CP",$O$14=D$18),IF(LEFT($O21,1)="P",VLOOKUP(CONCATENATE(LEFT($O21,2),"H"),$R$63:$T$91,3,FALSE),VLOOKUP($O21,$R$63:$T$91,3,FALSE)))+IF(AND($O21<>"",$O21<>"O3/CP",$O$15=D$18,MID($O21,4,1)="2",$O$15<>$O$14),VLOOKUP(CONCATENATE(LEFT($O21,2),"L"),$R$63:$T$91,3,FALSE),0)+IF(AND($O21="O3/CP",$O$14=D$18),VLOOKUP("O3",$R$63:$T$91,3,FALSE)+VLOOKUP("CP",$R$63:$T$91,3,FALSE),0)+IF(AND($P21<>"",$P21<>"--",$P21<>"O3/CP",$P$14=D$18),IF(LEFT($P21,1)="P",VLOOKUP(CONCATENATE(LEFT($P21,2),"H"),$R$63:$T$91,3,FALSE),VLOOKUP($P21,$R$63:$T$91,3,FALSE)))+IF(AND($P21<>"",$P21<>"O3/CP",$P$15=D$18,MID($P21,4,1)="2",$P$15<>$P$14),VLOOKUP(CONCATENATE(LEFT($P21,2),"L"),$R$63:$T$91,3,FALSE),0)+IF(AND($P21="O3/CP",$P$14=D$18),VLOOKUP("O3",$R$63:$T$91,3,FALSE)+VLOOKUP("CP",$R$63:$T$91,3,FALSE),0)+IF(AND($Q21<>"",$Q21<>"--",$Q21<>"O3/CP",$Q$14=D$18),IF(LEFT($Q21,1)="P",VLOOKUP(CONCATENATE(LEFT($Q21,2),"H"),$R$63:$T$91,3,FALSE),VLOOKUP($Q21,$R$63:$T$91,3,FALSE)))+IF(AND($Q21<>"",$Q21<>"O3/CP",$Q$15=D$18,MID($Q21,4,1)="2",$Q$15<>$Q$14),VLOOKUP(CONCATENATE(LEFT($Q21,2),"L"),$R$63:$T$91,3,FALSE),0)+IF(AND($Q21="O3/CP",$Q$14=D$18),VLOOKUP("O3",$R$63:$T$91,3,FALSE)+VLOOKUP("CP",$R$63:$T$91,3,FALSE),0)+IF(AND($R21<>"",$R21<>"--",$R21<>"O3/CP",$R$14=D$18),IF(LEFT($R21,1)="P",VLOOKUP(CONCATENATE(LEFT($R21,2),"H"),$R$63:$T$91,3,FALSE),VLOOKUP($R21,$R$63:$T$91,3,FALSE)))+IF(AND($R21<>"",$R21<>"O3/CP",$R$15=D$18,MID($R21,4,1)="2",$R$15<>$R$14),VLOOKUP(CONCATENATE(LEFT($R21,2),"L"),$R$63:$T$91,3,FALSE),0)+IF(AND($R21="O3/CP",$R$14=D$18),VLOOKUP("O3",$R$63:$T$91,3,FALSE)+VLOOKUP("CP",$R$63:$T$91,3,FALSE),0)+IF(AND($S21<>"",$S21<>"--",$S21<>"O3/CP",$S$14=D$18),IF(LEFT($S21,1)="P",VLOOKUP(CONCATENATE(LEFT($S21,2),"H"),$R$63:$T$91,3,FALSE),VLOOKUP($S21,$R$63:$T$91,3,FALSE)))+IF(AND($S21<>"",$S21<>"O3/CP",$S$15=D$18,MID($S21,4,1)="2",$S$15<>$S$14),VLOOKUP(CONCATENATE(LEFT($S21,2),"L"),$R$63:$T$91,3,FALSE),0)+IF(AND($S21="O3/CP",$S$14=D$18),VLOOKUP("O3",$R$63:$T$91,3,FALSE)+VLOOKUP("CP",$R$63:$T$91,3,FALSE),0)+IF(AND($T21<>"",$T21<>"--",$T21<>"O3/CP",$T$14=D$18),IF(LEFT($T21,1)="P",VLOOKUP(CONCATENATE(LEFT($T21,2),"H"),$R$63:$T$91,3,FALSE),VLOOKUP($T21,$R$63:$T$91,3,FALSE)))+IF(AND($T21<>"",$T21<>"O3/CP",$T$15=D$18,MID($T21,4,1)="2",$T$15<>$T$14),VLOOKUP(CONCATENATE(LEFT($T21,2),"L"),$R$63:$T$91,3,FALSE),0)+IF(AND($T21="O3/CP",$T$14=D$18),VLOOKUP("O3",$R$63:$T$91,3,FALSE)+VLOOKUP("CP",$R$63:$T$91,3,FALSE),0)+IF(AND($U21<>"",$U21<>"--",$U21<>"O3/CP",$U$14=D$18),IF(LEFT($U21,1)="P",VLOOKUP(CONCATENATE(LEFT($U21,2),"H"),$R$63:$T$91,3,FALSE),VLOOKUP($U21,$R$63:$T$91,3,FALSE)))+IF(AND($U21<>"",$U21<>"O3/CP",$U$15=D$18,MID($U21,4,1)="2",$U$15<>$U$14),VLOOKUP(CONCATENATE(LEFT($U21,2),"L"),$R$63:$T$91,3,FALSE),0)+IF(AND($U21="O3/CP",$T$14=D$18),VLOOKUP("O3",$R$63:$T$91,3,FALSE)+VLOOKUP("CP",$R$63:$T$91,3,FALSE),0)+IF(AND($V21<>"",$V21<>"--",$V21<>"O3/CP",$V$14=D$18),IF(LEFT($V21,1)="P",VLOOKUP(CONCATENATE(LEFT($V21,2),"H"),$R$63:$T$91,3,FALSE),VLOOKUP($V21,$R$63:$T$91,3,FALSE)))+IF(AND($V21<>"",$V21<>"O3/CP",$V$15=D$18,MID($V21,4,1)="2",$V$15<>$V$14),VLOOKUP(CONCATENATE(LEFT($V21,2),"L"),$R$63:$T$91,3,FALSE),0)+IF(AND($V21="O3/CP",$V$14=D$18),VLOOKUP("O3",$R$63:$T$91,3,FALSE)+VLOOKUP("CP",$R$63:$T$91,3,FALSE),0)+IF(AND($W21<>"",$W21<>"--",$W21<>"O3/CP",$W$14=D$18),IF(LEFT($W21,1)="P",VLOOKUP(CONCATENATE(LEFT($W21,2),"H"),$R$63:$T$91,3,FALSE),VLOOKUP($W21,$R$63:$T$91,3,FALSE)))+IF(AND($W21<>"",$W21<>"O3/CP",$W$15=D$18,MID($W21,4,1)="2",$W$15<>$W$14),VLOOKUP(CONCATENATE(LEFT($W21,2),"L"),$R$63:$T$91,3,FALSE),0)+IF(AND($W21="O3/CP",$W$14=D$18),VLOOKUP("O3",$R$63:$T$91,3,FALSE)+VLOOKUP("CP",$R$63:$T$91,3,FALSE),0)+IF(AND($X21<>"",$X21<>"--",$X21<>"O3/CP",$X$14=D$18),IF(LEFT($X21,1)="P",VLOOKUP(CONCATENATE(LEFT($X21,2),"H"),$R$63:$T$91,3,FALSE),VLOOKUP($X21,$R$63:$T$91,3,FALSE)))+IF(AND($X21<>"",$X21<>"O3/CP",$X$15=D$18,MID($X21,4,1)="2",$X$15<>$X$14),VLOOKUP(CONCATENATE(LEFT($X21,2),"L"),$R$63:$T$91,3,FALSE),0)+IF(AND($X21="O3/CP",$X$14=D$18),VLOOKUP("O3",$R$63:$T$91,3,FALSE)+VLOOKUP("CP",$R$63:$T$91,3,FALSE),0)+IF(AND($Y21<>"",$Y21<>"--",$Y21<>"O3/CP",$Y$14=D$18),IF(LEFT($Y21,1)="P",VLOOKUP(CONCATENATE(LEFT($Y21,2),"H"),$R$63:$T$91,3,FALSE),VLOOKUP($Y21,$R$63:$T$91,3,FALSE)))+IF(AND($Y21<>"",$Y21<>"O3/CP",$Y$15=D$18,MID($Y21,4,1)="2",$Y$15<>$Y$14),VLOOKUP(CONCATENATE(LEFT($Y21,2),"L"),$R$63:$T$91,3,FALSE),0)+IF(AND($Y21="O3/CP",$Y$14=D$18),VLOOKUP("O3",$R$63:$T$91,3,FALSE)+VLOOKUP("CP",$R$63:$T$91,3,FALSE),0)+IF(AND($K$6="CE",'[3]Supply Attribution'!$G$20=D$18),LEFT($S$90,2),0)+IF(AND($X$86<>"Not Set",$X$87=D$18),$X$86,0) -> 0 | E21: =IF(AND($K21<>"",$K21<>"--",$K21<>"O3/CP",$K$14=E$18),IF(LEFT($K21,1)="P",VLOOKUP(CONCATENATE(LEFT($K21,2),"H"),$R$63:$T$91,3,FALSE),VLOOKUP($K21,$R$63:$T$91,3,FALSE)))+IF(AND($K21<>"",$K21<>"O3/CP",$K$15=E$18,MID($K21,4,1)="2",$K$15<>$K$14),VLOOKUP(CONCATENATE(LEFT($K21,2),"L"),$R$63:$T$91,3,FALSE),0)+IF(AND($K21="O3/CP",$K$14=E$18),VLOOKUP("O3",$R$63:$T$91,3,FALSE)+VLOOKUP("CP",$R$63:$T$91,3,FALSE),0)+IF(AND($L21<>"",$L21<>"--",$L21<>"O3/CP",$L$14=E$18),IF(LEFT($L21,1)="P",VLOOKUP(CONCATENATE(LEFT($L21,2),"H"),$R$63:$T$91,3,FALSE),VLOOKUP($L21,$R$63:$T$91,3,FALSE)))+IF(AND($L21<>"",$L21<>"O3/CP",$L$15=E$18,MID($L21,4,1)="2",$L$15<>$L$14),VLOOKUP(CONCATENATE(LEFT($L21,2),"L"),$R$63:$T$91,3,FALSE),0)+IF(AND($L21="O3/CP",$L$14=E$18),VLOOKUP("O3",$R$63:$T$91,3,FALSE)+VLOOKUP("CP",$R$63:$T$91,3,FALSE),0)+IF(AND($M21<>"",$M21<>"--",$M21<>"O3/CP",$M$14=E$18),IF(LEFT($M21,1)="P",VLOOKUP(CONCATENATE(LEFT($M21,2),"H"),$R$63:$T$91,3,FALSE),VLOOKUP($M21,$R$63:$T$91,3,FALSE)))+IF(AND($M21<>"",$M21<>"O3/CP",$M$15=E$18,MID($M21,4,1)="2",$M$15<>$M$14),VLOOKUP(CONCATENATE(LEFT($M21,2),"L"),$R$63:$T$91,3,FALSE),0)+IF(AND($M21="O3/CP",$M$14=E$18),VLOOKUP("O3",$R$63:$T$91,3,FALSE)+VLOOKUP("CP",$R$63:$T$91,3,FALSE),0)+IF(AND($N21<>"",$N21<>"--",$N21<>"O3/CP",$N$14=E$18),IF(LEFT($N21,1)="P",VLOOKUP(CONCATENATE(LEFT($N21,2),"H"),$R$63:$T$91,3,FALSE),VLOOKUP($N21,$R$63:$T$91,3,FALSE)))+IF(AND($N21<>"",$N21<>"O3/CP",$N$15=E$18,MID($N21,4,1)="2",$N$15<>$N$14),VLOOKUP(CONCATENATE(LEFT($N21,2),"L"),$R$63:$T$91,3,FALSE),0)+IF(AND($N21="O3/CP",$N$14=E$18),VLOOKUP("O3",$R$63:$T$91,3,FALSE)+VLOOKUP("CP",$R$63:$T$91,3,FALSE),0)+IF(AND($O21<>"",$O21<>"--",$O21<>"O3/CP",$O$14=E$18),IF(LEFT($O21,1)="P",VLOOKUP(CONCATENATE(LEFT($O21,2),"H"),$R$63:$T$91,3,FALSE),VLOOKUP($O21,$R$63:$T$91,3,FALSE)))+IF(AND($O21<>"",$O21<>"O3/CP",$O$15=E$18,MID($O21,4,1)="2",$O$15<>$O$14),VLOOKUP(CONCATENATE(LEFT($O21,2),"L"),$R$63:$T$91,3,FALSE),0)+IF(AND($O21="O3/CP",$O$14=E$18),VLOOKUP("O3",$R$63:$T$91,3,FALSE)+VLOOKUP("CP",$R$63:$T$91,3,FALSE),0)+IF(AND($P21<>"",$P21<>"--",$P21<>"O3/CP",$P$14=E$18),IF(LEFT($P21,1)="P",VLOOKUP(CONCATENATE(LEFT($P21,2),"H"),$R$63:$T$91,3,FALSE),VLOOKUP($P21,$R$63:$T$91,3,FALSE)))+IF(AND($P21<>"",$P21<>"O3/CP",$P$15=E$18,MID($P21,4,1)="2",$P$15<>$P$14),VLOOKUP(CONCATENATE(LEFT($P21,2),"L"),$R$63:$T$91,3,FALSE),0)+IF(AND($P21="O3/CP",$P$14=E$18),VLOOKUP("O3",$R$63:$T$91,3,FALSE)+VLOOKUP("CP",$R$63:$T$91,3,FALSE),0)+IF(AND($Q21<>"",$Q21<>"--",$Q21<>"O3/CP",$Q$14=E$18),IF(LEFT($Q21,1)="P",VLOOKUP(CONCATENATE(LEFT($Q21,2),"H"),$R$63:$T$91,3,FALSE),VLOOKUP($Q21,$R$63:$T$91,3,FALSE)))+IF(AND($Q21<>"",$Q21<>"O3/CP",$Q$15=E$18,MID($Q21,4,1)="2",$Q$15<>$Q$14),VLOOKUP(CONCATENATE(LEFT($Q21,2),"L"),$R$63:$T$91,3,FALSE),0)+IF(AND($Q21="O3/CP",$Q$14=E$18),VLOOKUP("O3",$R$63:$T$91,3,FALSE)+VLOOKUP("CP",$R$63:$T$91,3,FALSE),0)+IF(AND($R21<>"",$R21<>"--",$R21<>"O3/CP",$R$14=E$18),IF(LEFT($R21,1)="P",VLOOKUP(CONCATENATE(LEFT($R21,2),"H"),$R$63:$T$91,3,FALSE),VLOOKUP($R21,$R$63:$T$91,3,FALSE)))+IF(AND($R21<>"",$R21<>"O3/CP",$R$15=E$18,MID($R21,4,1)="2",$R$15<>$R$14),VLOOKUP(CONCATENATE(LEFT($R21,2),"L"),$R$63:$T$91,3,FALSE),0)+IF(AND($R21="O3/CP",$R$14=E$18),VLOOKUP("O3",$R$63:$T$91,3,FALSE)+VLOOKUP("CP",$R$63:$T$91,3,FALSE),0)+IF(AND($S21<>"",$S21<>"--",$S21<>"O3/CP",$S$14=E$18),IF(LEFT($S21,1)="P",VLOOKUP(CONCATENATE(LEFT($S21,2),"H"),$R$63:$T$91,3,FALSE),VLOOKUP($S21,$R$63:$T$91,3,FALSE)))+IF(AND($S21<>"",$S21<>"O3/CP",$S$15=E$18,MID($S21,4,1)="2",$S$15<>$S$14),VLOOKUP(CONCATENATE(LEFT($S21,2),"L"),$R$63:$T$91,3,FALSE),0)+IF(AND($S21="O3/CP",$S$14=E$18),VLOOKUP("O3",$R$63:$T$91,3,FALSE)+VLOOKUP("CP",$R$63:$T$91,3,FALSE),0)+IF(AND($T21<>"",$T21<>"--",$T21<>"O3/CP",$T$14=E$18),IF(LEFT($T21,1)="P",VLOOKUP(CONCATENATE(LEFT($T21,2),"H"),$R$63:$T$91,3,FALSE),VLOOKUP($T21,$R$63:$T$91,3,FALSE)))+IF(AND($T21<>"",$T21<>"O3/CP",$T$15=E$18,MID($T21,4,1)="2",$T$15<>$T$14),VLOOKUP(CONCATENATE(LEFT($T21,2),"L"),$R$63:$T$91,3,FALSE),0)+IF(AND($T21="O3/CP",$T$14=E$18),VLOOKUP("O3",$R$63:$T$91,3,FALSE)+VLOOKUP("CP",$R$63:$T$91,3,FALSE),0)+IF(AND($U21<>"",$U21<>"--",$U21<>"O3/CP",$U$14=E$18),IF(LEFT($U21,1)="P",VLOOKUP(CONCATENATE(LEFT($U21,2),"H"),$R$63:$T$91,3,FALSE),VLOOKUP($U21,$R$63:$T$91,3,FALSE)))+IF(AND($U21<>"",$U21<>"O3/CP",$U$15=E$18,MID($U21,4,1)="2",$U$15<>$U$14),VLOOKUP(CONCATENATE(LEFT($U21,2),"L"),$R$63:$T$91,3,FALSE),0)+IF(AND($U21="O3/CP",$T$14=E$18),VLOOKUP("O3",$R$63:$T$91,3,FALSE)+VLOOKUP("CP",$R$63:$T$91,3,FALSE),0)+IF(AND($V21<>"",$V21<>"--",$V21<>"O3/CP",$V$14=E$18),IF(LEFT($V21,1)="P",VLOOKUP(CONCATENATE(LEFT($V21,2),"H"),$R$63:$T$91,3,FALSE),VLOOKUP($V21,$R$63:$T$91,3,FALSE)))+IF(AND($V21<>"",$V21<>"O3/CP",$V$15=E$18,MID($V21,4,1)="2",$V$15<>$V$14),VLOOKUP(CONCATENATE(LEFT($V21,2),"L"),$R$63:$T$91,3,FALSE),0)+IF(AND($V21="O3/CP",$V$14=E$18),VLOOKUP("O3",$R$63:$T$91,3,FALSE)+VLOOKUP("CP",$R$63:$T$91,3,FALSE),0)+IF(AND($W21<>"",$W21<>"--",$W21<>"O3/CP",$W$14=E$18),IF(LEFT($W21,1)="P",VLOOKUP(CONCATENATE(LEFT($W21,2),"H"),$R$63:$T$91,3,FALSE),VLOOKUP($W21,$R$63:$T$91,3,FALSE)))+IF(AND($W21<>"",$W21<>"O3/CP",$W$15=E$18,MID($W21,4,1)="2",$W$15<>$W$14),VLOOKUP(CONCATENATE(LEFT($W21,2),"L"),$R$63:$T$91,3,FALSE),0)+IF(AND($W21="O3/CP",$W$14=E$18),VLOOKUP("O3",$R$63:$T$91,3,FALSE)+VLOOKUP("CP",$R$63:$T$91,3,FALSE),0)+IF(AND($X21<>"",$X21<>"--",$X21<>"O3/CP",$X$14=E$18),IF(LEFT($X21,1)="P",VLOOKUP(CONCATENATE(LEFT($X21,2),"H"),$R$63:$T$91,3,FALSE),VLOOKUP($X21,$R$63:$T$91,3,FALSE)))+IF(AND($X21<>"",$X21<>"O3/CP",$X$15=E$18,MID($X21,4,1)="2",$X$15<>$X$14),VLOOKUP(CONCATENATE(LEFT($X21,2),"L"),$R$63:$T$91,3,FALSE),0)+IF(AND($X21="O3/CP",$X$14=E$18),VLOOKUP("O3",$R$63:$T$91,3,FALSE)+VLOOKUP("CP",$R$63:$T$91,3,FALSE),0)+IF(AND($Y21<>"",$Y21<>"--",$Y21<>"O3/CP",$Y$14=E$18),IF(LEFT($Y21,1)="P",VLOOKUP(CONCATENATE(LEFT($Y21,2),"H"),$R$63:$T$91,3,FALSE),VLOOKUP($Y21,$R$63:$T$91,3,FALSE)))+IF(AND($Y21<>"",$Y21<>"O3/CP",$Y$15=E$18,MID($Y21,4,1)="2",$Y$15<>$Y$14),VLOOKUP(CONCATENATE(LEFT($Y21,2),"L"),$R$63:$T$91,3,FALSE),0)+IF(AND($Y21="O3/CP",$Y$14=E$18),VLOOKUP("O3",$R$63:$T$91,3,FALSE)+VLOOKUP("CP",$R$63:$T$91,3,FALSE),0)+IF(AND($K$6="CE",'[3]Supply Attribution'!$G$20=E$18),LEFT($S$90,2),0)+IF(AND($X$86<>"Not Set",$X$87=E$18),$X$86,0) -> 0 | F21: =IF(AND($K21<>"",$K21<>"--",$K21<>"O3/CP",$K$14=F$18),IF(LEFT($K21,1)="P",VLOOKUP(CONCATENATE(LEFT($K21,2),"H"),$R$63:$T$91,3,FALSE),VLOOKUP($K21,$R$63:$T$91,3,FALSE)))+IF(AND($K21<>"",$K21<>"O3/CP",$K$15=F$18,MID($K21,4,1)="2",$K$15<>$K$14),VLOOKUP(CONCATENATE(LEFT($K21,2),"L"),$R$63:$T$91,3,FALSE),0)+IF(AND($K21="O3/CP",$K$14=F$18),VLOOKUP("O3",$R$63:$T$91,3,FALSE)+VLOOKUP("CP",$R$63:$T$91,3,FALSE),0)+IF(AND($L21<>"",$L21<>"--",$L21<>"O3/CP",$L$14=F$18),IF(LEFT($L21,1)="P",VLOOKUP(CONCATENATE(LEFT($L21,2),"H"),$R$63:$T$91,3,FALSE),VLOOKUP($L21,$R$63:$T$91,3,FALSE)))+IF(AND($L21<>"",$L21<>"O3/CP",$L$15=F$18,MID($L21,4,1)="2",$L$15<>$L$14),VLOOKUP(CONCATENATE(LEFT($L21,2),"L"),$R$63:$T$91,3,FALSE),0)+IF(AND($L21="O3/CP",$L$14=F$18),VLOOKUP("O3",$R$63:$T$91,3,FALSE)+VLOOKUP("CP",$R$63:$T$91,3,FALSE),0)+IF(AND($M21<>"",$M21<>"--",$M21<>"O3/CP",$M$14=F$18),IF(LEFT($M21,1)="P",VLOOKUP(CONCATENATE(LEFT($M21,2),"H"),$R$63:$T$91,3,FALSE),VLOOKUP($M21,$R$63:$T$91,3,FALSE)))+IF(AND($M21<>"",$M21<>"O3/CP",$M$15=F$18,MID($M21,4,1)="2",$M$15<>$M$14),VLOOKUP(CONCATENATE(LEFT($M21,2),"L"),$R$63:$T$91,3,FALSE),0)+IF(AND($M21="O3/CP",$M$14=F$18),VLOOKUP("O3",$R$63:$T$91,3,FALSE)+VLOOKUP("CP",$R$63:$T$91,3,FALSE),0)+IF(AND($N21<>"",$N21<>"--",$N21<>"O3/CP",$N$14=F$18),IF(LEFT($N21,1)="P",VLOOKUP(CONCATENATE(LEFT($N21,2),"H"),$R$63:$T$91,3,FALSE),VLOOKUP($N21,$R$63:$T$91,3,FALSE)))+IF(AND($N21<>"",$N21<>"O3/CP",$N$15=F$18,MID($N21,4,1)="2",$N$15<>$N$14),VLOOKUP(CONCATENATE(LEFT($N21,2),"L"),$R$63:$T$91,3,FALSE),0)+IF(AND($N21="O3/CP",$N$14=F$18),VLOOKUP("O3",$R$63:$T$91,3,FALSE)+VLOOKUP("CP",$R$63:$T$91,3,FALSE),0)+IF(AND($O21<>"",$O21<>"--",$O21<>"O3/CP",$O$14=F$18),IF(LEFT($O21,1)="P",VLOOKUP(CONCATENATE(LEFT($O21,2),"H"),$R$63:$T$91,3,FALSE),VLOOKUP($O21,$R$63:$T$91,3,FALSE)))+IF(AND($O21<>"",$O21<>"O3/CP",$O$15=F$18,MID($O21,4,1)="2",$O$15<>$O$14),VLOOKUP(CONCATENATE(LEFT($O21,2),"L"),$R$63:$T$91,3,FALSE),0)+IF(AND($O21="O3/CP",$O$14=F$18),VLOOKUP("O3",$R$63:$T$91,3,FALSE)+VLOOKUP("CP",$R$63:$T$91,3,FALSE),0)+IF(AND($P21<>"",$P21<>"--",$P21<>"O3/CP",$P$14=F$18),IF(LEFT($P21,1)="P",VLOOKUP(CONCATENATE(LEFT($P21,2),"H"),$R$63:$T$91,3,FALSE),VLOOKUP($P21,$R$63:$T$91,3,FALSE)))+IF(AND($P21<>"",$P21<>"O3/CP",$P$15=F$18,MID($P21,4,1)="2",$P$15<>$P$14),VLOOKUP(CONCATENATE(LEFT($P21,2),"L"),$R$63:$T$91,3,FALSE),0)+IF(AND($P21="O3/CP",$P$14=F$18),VLOOKUP("O3",$R$63:$T$91,3,FALSE)+VLOOKUP("CP",$R$63:$T$91,3,FALSE),0)+IF(AND($Q21<>"",$Q21<>"--",$Q21<>"O3/CP",$Q$14=F$18),IF(LEFT($Q21,1)="P",VLOOKUP(CONCATENATE(LEFT($Q21,2),"H"),$R$63:$T$91,3,FALSE),VLOOKUP($Q21,$R$63:$T$91,3,FALSE)))+IF(AND($Q21<>"",$Q21<>"O3/CP",$Q$15=F$18,MID($Q21,4,1)="2",$Q$15<>$Q$14),VLOOKUP(CONCATENATE(LEFT($Q21,2),"L"),$R$63:$T$91,3,FALSE),0)+IF(AND($Q21="O3/CP",$Q$14=F$18),VLOOKUP("O3",$R$63:$T$91,3,FALSE)+VLOOKUP("CP",$R$63:$T$91,3,FALSE),0)+IF(AND($R21<>"",$R21<>"--",$R21<>"O3/CP",$R$14=F$18),IF(LEFT($R21,1)="P",VLOOKUP(CONCATENATE(LEFT($R21,2),"H"),$R$63:$T$91,3,FALSE),VLOOKUP($R21,$R$63:$T$91,3,FALSE)))+IF(AND($R21<>"",$R21<>"O3/CP",$R$15=F$18,MID($R21,4,1)="2",$R$15<>$R$14),VLOOKUP(CONCATENATE(LEFT($R21,2),"L"),$R$63:$T$91,3,FALSE),0)+IF(AND($R21="O3/CP",$R$14=F$18),VLOOKUP("O3",$R$63:$T$91,3,FALSE)+VLOOKUP("CP",$R$63:$T$91,3,FALSE),0)+IF(AND($S21<>"",$S21<>"--",$S21<>"O3/CP",$S$14=F$18),IF(LEFT($S21,1)="P",VLOOKUP(CONCATENATE(LEFT($S21,2),"H"),$R$63:$T$91,3,FALSE),VLOOKUP($S21,$R$63:$T$91,3,FALSE)))+IF(AND($S21<>"",$S21<>"O3/CP",$S$15=F$18,MID($S21,4,1)="2",$S$15<>$S$14),VLOOKUP(CONCATENATE(LEFT($S21,2),"L"),$R$63:$T$91,3,FALSE),0)+IF(AND($S21="O3/CP",$S$14=F$18),VLOOKUP("O3",$R$63:$T$91,3,FALSE)+VLOOKUP("CP",$R$63:$T$91,3,FALSE),0)+IF(AND($T21<>"",$T21<>"--",$T21<>"O3/CP",$T$14=F$18),IF(LEFT($T21,1)="P",VLOOKUP(CONCATENATE(LEFT($T21,2),"H"),$R$63:$T$91,3,FALSE),VLOOKUP($T21,$R$63:$T$91,3,FALSE)))+IF(AND($T21<>"",$T21<>"O3/CP",$T$15=F$18,MID($T21,4,1)="2",$T$15<>$T$14),VLOOKUP(CONCATENATE(LEFT($T21,2),"L"),$R$63:$T$91,3,FALSE),0)+IF(AND($T21="O3/CP",$T$14=F$18),VLOOKUP("O3",$R$63:$T$91,3,FALSE)+VLOOKUP("CP",$R$63:$T$91,3,FALSE),0)+IF(AND($U21<>"",$U21<>"--",$U21<>"O3/CP",$U$14=F$18),IF(LEFT($U21,1)="P",VLOOKUP(CONCATENATE(LEFT($U21,2),"H"),$R$63:$T$91,3,FALSE),VLOOKUP($U21,$R$63:$T$91,3,FALSE)))+IF(AND($U21<>"",$U21<>"O3/CP",$U$15=F$18,MID($U21,4,1)="2",$U$15<>$U$14),VLOOKUP(CONCATENATE(LEFT($U21,2),"L"),$R$63:$T$91,3,FALSE),0)+IF(AND($U21="O3/CP",$T$14=F$18),VLOOKUP("O3",$R$63:$T$91,3,FALSE)+VLOOKUP("CP",$R$63:$T$91,3,FALSE),0)+IF(AND($V21<>"",$V21<>"--",$V21<>"O3/CP",$V$14=F$18),IF(LEFT($V21,1)="P",VLOOKUP(CONCATENATE(LEFT($V21,2),"H"),$R$63:$T$91,3,FALSE),VLOOKUP($V21,$R$63:$T$91,3,FALSE)))+IF(AND($V21<>"",$V21<>"O3/CP",$V$15=F$18,MID($V21,4,1)="2",$V$15<>$V$14),VLOOKUP(CONCATENATE(LEFT($V21,2),"L"),$R$63:$T$91,3,FALSE),0)+IF(AND($V21="O3/CP",$V$14=F$18),VLOOKUP("O3",$R$63:$T$91,3,FALSE)+VLOOKUP("CP",$R$63:$T$91,3,FALSE),0)+IF(AND($W21<>"",$W21<>"--",$W21<>"O3/CP",$W$14=F$18),IF(LEFT($W21,1)="P",VLOOKUP(CONCATENATE(LEFT($W21,2),"H"),$R$63:$T$91,3,FALSE),VLOOKUP($W21,$R$63:$T$91,3,FALSE)))+IF(AND($W21<>"",$W21<>"O3/CP",$W$15=F$18,MID($W21,4,1)="2",$W$15<>$W$14),VLOOKUP(CONCATENATE(LEFT($W21,2),"L"),$R$63:$T$91,3,FALSE),0)+IF(AND($W21="O3/CP",$W$14=F$18),VLOOKUP("O3",$R$63:$T$91,3,FALSE)+VLOOKUP("CP",$R$63:$T$91,3,FALSE),0)+IF(AND($X21<>"",$X21<>"--",$X21<>"O3/CP",$X$14=F$18),IF(LEFT($X21,1)="P",VLOOKUP(CONCATENATE(LEFT($X21,2),"H"),$R$63:$T$91,3,FALSE),VLOOKUP($X21,$R$63:$T$91,3,FALSE)))+IF(AND($X21<>"",$X21<>"O3/CP",$X$15=F$18,MID($X21,4,1)="2",$X$15<>$X$14),VLOOKUP(CONCATENATE(LEFT($X21,2),"L"),$R$63:$T$91,3,FALSE),0)+IF(AND($X21="O3/CP",$X$14=F$18),VLOOKUP("O3",$R$63:$T$91,3,FALSE)+VLOOKUP("CP",$R$63:$T$91,3,FALSE),0)+IF(AND($Y21<>"",$Y21<>"--",$Y21<>"O3/CP",$Y$14=F$18),IF(LEFT($Y21,1)="P",VLOOKUP(CONCATENATE(LEFT($Y21,2),"H"),$R$63:$T$91,3,FALSE),VLOOKUP($Y21,$R$63:$T$91,3,FALSE)))+IF(AND($Y21<>"",$Y21<>"O3/CP",$Y$15=F$18,MID($Y21,4,1)="2",$Y$15<>$Y$14),VLOOKUP(CONCATENATE(LEFT($Y21,2),"L"),$R$63:$T$91,3,FALSE),0)+IF(AND($Y21="O3/CP",$Y$14=F$18),VLOOKUP("O3",$R$63:$T$91,3,FALSE)+VLOOKUP("CP",$R$63:$T$91,3,FALSE),0)+IF(AND($K$6="CE",'[3]Supply Attribution'!$G$20=F$18),LEFT($S$90,2),0)+IF(AND($X$86<>"Not Set",$X$87=F$18),$X$86,0) -> 0 | G21: =IF(AND($K$6="CE",$T$59="1 Phase"),SUM(A21:F21)-IF(AND($K$14<>$K$15,RIGHT($K21,3)="2SP"),VLOOKUP(CONCATENATE(LEFT($K21,2),"L"),$R$63:$T$90,3,FALSE),0)-IF(AND($L$14<>$L$15,RIGHT($L21,3)="2SP"),VLOOKUP(CONCATENATE(LEFT($L21,2),"L"),$R$63:$T$90,3,FALSE),0)-IF(AND($M$14<>$M$15,RIGHT($M21,3)="2SP"),VLOOKUP(CONCATENATE(LEFT($M21,2),"L"),$R$63:$T$90,3,FALSE),0)-IF(AND($N$14<>$N$15,RIGHT($N21,3)="2SP"),VLOOKUP(CONCATENATE(LEFT($N21,2),"L"),$R$63:$T$90,3,FALSE),0)-IF(AND($O$14<>$O$15,RIGHT($O21,3)="2SP"),VLOOKUP(CONCATENATE(LEFT($O21,2),"L"),$R$63:$T$90,3,FALSE),0)-IF(AND($P$14<>$P$15,RIGHT($P21,3)="2SP"),VLOOKUP(CONCATENATE(LEFT($P21,2),"L"),$R$63:$T$90,3,FALSE),0)-IF(AND($Q$14<>$Q$15,RIGHT($Q21,3)="2SP"),VLOOKUP(CONCATENATE(LEFT($Q21,2),"L"),$R$63:$T$90,3,FALSE),0)-IF(AND($R$14<>$R$15,RIGHT($T21,3)="2SP"),VLOOKUP(CONCATENATE(LEFT($R21,2),"L"),$R$63:$T$90,3,FALSE),0)-IF(AND($S$14<>$S$15,RIGHT($T21,3)="2SP"),VLOOKUP(CONCATENATE(LEFT($S21,2),"L"),$R$63:$T$90,3,FALSE),0)-IF(AND($T$14<>$T$15,RIGHT($T21,3)="2SP"),VLOOKUP(CONCATENATE(LEFT($T21,2),"L"),$R$63:$T$90,3,FALSE),0)-IF(AND($U$14<>$U$15,RIGHT($U21,3)="2SP"),VLOOKUP(CONCATENATE(LEFT($U21,2),"L"),$R$63:$T$90,3,FALSE),0)-IF(AND($V$14<>$V$15,RIGHT($V21,3)="2SP"),VLOOKUP(CONCATENATE(LEFT($V21,2),"L"),$R$63:$T$90,3,FALSE),0)-IF(AND($W$14<>$W$15,RIGHT($W21,3)="2SP"),VLOOKUP(CONCATENATE(LEFT($W21,2),"L"),$R$63:$T$90,3,FALSE),0)-IF(AND($X$14<>$X$15,RIGHT($X21,3)="2SP"),VLOOKUP(CONCATENATE(LEFT($X21,2),"L"),$R$63:$T$90,3,FALSE),0)-IF(AND($Y$14<>$Y$15,RIGHT($Y21,3)="2SP"),VLOOKUP(CONCATENATE(LEFT($Y21,2),"L"),$R$63:$T$90,3,FALSE),0),IF(VLOOKUP(CONCATENATE($A$18,"Line"),'[3]Supply Attribution'!$F$31:$G$37,2,FALSE)=G$18,$A21,0)+IF(VLOOKUP(CONCATENATE($B$18,"Line"),'[3]Supply Attribution'!$F$31:$G$37,2,FALSE)=G$18,$B21,0)+IF(VLOOKUP(CONCATENATE($C$18,"Line"),'[3]Supply Attribution'!$F$31:$G$37,2,FALSE)=G$18,$C21,0)+IF(VLOOKUP(CONCATENATE($D$18,"Line"),'[3]Supply Attribution'!$F$31:$G$37,2,FALSE)=G$18,$D21,0)+IF(VLOOKUP(CONCATENATE($E$18,"Line"),'[3]Supply Attribution'!$F$31:$G$37,2,FALSE)=G$18,$E21,0)+IF(VLOOKUP(CONCATENATE($F$18,"Line"),'[3]Supply Attribution'!$F$31:$G$37,2,FALSE)=G$18,$F21,0)+IF($K$6="UL",LEFT($S$90,2),0)-IF(AND($K$16=G$18,$K$14<>$K$15,$K$16=$K$17,RIGHT($K21,3)="2SP"),VLOOKUP(CONCATENATE(LEFT($K21,2),"L"),$R$63:$T$90,3,FALSE),0)-IF(AND($L$16=G$18,$L$14<>$L$15,$L$16=$L$17,RIGHT($L21,3)="2SP"),VLOOKUP(CONCATENATE(LEFT($L21,2),"L"),$R$63:$T$90,3,FALSE),0)-IF(AND($M$16=G$18,$M$14<>$M$15,$M$16=$M$17,RIGHT($M21,3)="2SP"),VLOOKUP(CONCATENATE(LEFT($M21,2),"L"),$R$63:$T$90,3,FALSE),0)-IF(AND($N$16=G$18,$N$14<>$N$15,$N$16=$N$17,RIGHT($N21,3)="2SP"),VLOOKUP(CONCATENATE(LEFT($N21,2),"L"),$R$63:$T$90,3,FALSE),0)-IF(AND($O$16=G$18,$O$14<>$O$15,$O$16=$O$17,RIGHT($O21,3)="2SP"),VLOOKUP(CONCATENATE(LEFT($O21,2),"L"),$R$63:$T$90,3,FALSE),0)-IF(AND($P$16=G$18,$P$14<>$P$15,$P$16=$P$17,RIGHT($P21,3)="2SP"),VLOOKUP(CONCATENATE(LEFT($P21,2),"L"),$R$63:$T$90,3,FALSE),0)-IF(AND($Q$16=G$18,$Q$14<>$Q$15,$Q$16=$Q$17,RIGHT($Q21,3)="2SP"),VLOOKUP(CONCATENATE(LEFT($Q21,2),"L"),$R$63:$T$90,3,FALSE),0)-IF(AND($R$16=G$18,$R$14<>$R$15,$R$16=$R$17,RIGHT($R21,3)="2SP"),VLOOKUP(CONCATENATE(LEFT($R21,2),"L"),$R$63:$T$90,3,FALSE),0)-IF(AND($S$16=G$18,$S$14<>$S$15,$S$16=$S$17,RIGHT($S21,3)="2SP"),VLOOKUP(CONCATENATE(LEFT($S21,2),"L"),$R$63:$T$90,3,FALSE),0)-IF(AND($T$16=G$18,$T$14<>$T$15,$T$16=$T$17,RIGHT($T21,3)="2SP"),VLOOKUP(CONCATENATE(LEFT($T21,2),"L"),$R$63:$T$90,3,FALSE),0)-IF(AND($U$16=G$18,$U$14<>$U$15,$U$16=$U$17,RIGHT($U21,3)="2SP"),VLOOKUP(CONCATENATE(LEFT($U21,2),"L"),$R$63:$T$90,3,FALSE),0)-IF(AND($V$16=G$18,$V$14<>$V$15,$V$16=$V$17,RIGHT($V21,3)="2SP"),VLOOKUP(CONCATENATE(LEFT($V21,2),"L"),$R$63:$T$90,3,FALSE),0)-IF(AND($W$16=G$18,$W$14<>$W$15,$W$16=$W$17,RIGHT($W21,3)="2SP"),VLOOKUP(CONCATENATE(LEFT($W21,2),"L"),$R$63:$T$90,3,FALSE),0)-IF(AND($X$16=G$18,$X$14<>$X$15,$X$16=$X$17,RIGHT($X21,3)="2SP"),VLOOKUP(CONCATENATE(LEFT($X21,2),"L"),$R$63:$T$90,3,FALSE),0)-IF(AND($Y$16=G$18,$Y$14<>$Y$15,$Y$16=$Y$17,RIGHT($Y21,3)="2SP"),VLOOKUP(CONCATENATE(LEFT($Y21,2),"L"),$R$63:$T$90,3,FALSE),0)) -> 31 | H21: =IF(H$18<>"",IF(VLOOKUP(CONCATENATE($A$18,"Line"),'Supply Attribution'!$F$31:$G$37,2,FALSE)=H$18,$A21,0)+IF(VLOOKUP(CONCATENATE($B$18,"Line"),'Supply Attribution'!$F$31:$G$37,2,FALSE)=H$18,$B21,0)+IF(VLOOKUP(CONCATENATE($C$18,"Line"),'Supply Attribution'!$F$31:$G$37,2,FALSE)=H$18,$C21,0)+IF(VLOOKUP(CONCATENATE($D$18,"Line"),'Supply Attribution'!$F$31:$G$37,2,FALSE)=H$18,$D21,0)+IF(VLOOKUP(CONCATENATE($E$18,"Line"),'Supply Attribution'!$F$31:$G$37,2,FALSE)=H$18,$E21,0)+IF(VLOOKUP(CONCATENATE($F$18,"Line"),'Supply Attribution'!$F$31:$G$37,2,FALSE)=H$18,$F21,0)+IF($K$6="UL",LEFT($S$90,2),0)-IF(AND($K$16=H$18,$K$14<>$K$15,$K$16=$K$17,RIGHT($K21,3)="2SP"),VLOOKUP(CONCATENATE(LEFT($K21,2),"L"),$R$63:$T$90,3,FALSE),0)-IF(AND($L$16=H$18,$L$14<>$L$15,$L$16=$L$17,RIGHT($L21,3)="2SP"),VLOOKUP(CONCATENATE(LEFT($L21,2),"L"),$R$63:$T$90,3,FALSE),0)-IF(AND($M$16=H$18,$M$14<>$M$15,$M$16=$M$17,RIGHT($M21,3)="2SP"),VLOOKUP(CONCATENATE(LEFT($M21,2),"L"),$R$63:$T$90,3,FALSE),0)-IF(AND($N$16=H$18,$N$14<>$N$15,$N$16=$N$17,RIGHT($N21,3)="2SP"),VLOOKUP(CONCATENATE(LEFT($N21,2),"L"),$R$63:$T$90,3,FALSE),0)-IF(AND($O$16=H$18,$O$14<>$O$15,$O$16=$O$17,RIGHT($O21,3)="2SP"),VLOOKUP(CONCATENATE(LEFT($O21,2),"L"),$R$63:$T$90,3,FALSE),0)-IF(AND($P$16=H$18,$P$14<>$P$15,$P$16=$P$17,RIGHT($P21,3)="2SP"),VLOOKUP(CONCATENATE(LEFT($P21,2),"L"),$R$63:$T$90,3,FALSE),0)-IF(AND($Q$16=H$18,$Q$14<>$Q$15,$Q$16=$Q$17,RIGHT($Q21,3)="2SP"),VLOOKUP(CONCATENATE(LEFT($Q21,2),"L"),$R$63:$T$90,3,FALSE),0)-IF(AND($T$16=H$18,$T$14<>$T$15,$T$16=$T$17,RIGHT($T21,3)="2SP"),VLOOKUP(CONCATENATE(LEFT($T21,2),"L"),$R$63:$T$90,3,FALSE),0)-IF(AND($U$16=H$18,$U$14<>$U$15,$U$16=$U$17,RIGHT($U21,3)="2SP"),VLOOKUP(CONCATENATE(LEFT($U21,2),"L"),$R$63:$T$90,3,FALSE),0)-IF(AND($V$16=H$18,$V$14<>$V$15,$V$16=$V$17,RIGHT($V21,3)="2SP"),VLOOKUP(CONCATENATE(LEFT($V21,2),"L"),$R$63:$T$90,3,FALSE),0)-IF(AND($W$16=H$18,$W$14<>$W$15,$W$16=$W$17,RIGHT($W21,3)="2SP"),VLOOKUP(CONCATENATE(LEFT($W21,2),"L"),$R$63:$T$90,3,FALSE),0)-IF(AND($X$16=H$18,$X$14<>$X$15,$X$16=$X$17,RIGHT($X21,3)="2SP"),VLOOKUP(CONCATENATE(LEFT($X21,2),"L"),$R$63:$T$90,3,FALSE),0)-IF(AND($Y$16=H$18,$Y$14<>$Y$15,$Y$16=$Y$17,RIGHT($Y21,3)="2SP"),VLOOKUP(CONCATENATE(LEFT($Y21,2),"L"),$R$63:$T$90,3,FALSE),0)+IF(AND($K$6="CE",$T$59="2 Phases",H$18<>""),IF(VLOOKUP(CONCATENATE($A$18,"Line"),'Supply Attribution'!$F$31:$G$37,2,FALSE)="Line3",$A21,0)+IF(VLOOKUP(CONCATENATE($B$18,"Line"),'Supply Attribution'!$F$31:$G$37,2,FALSE)="Line3",$B21,0)+IF(VLOOKUP(CONCATENATE($C$18,"Line"),'Supply Attribution'!$F$31:$G$37,2,FALSE)="Line3",$C21,0)+IF(VLOOKUP(CONCATENATE($D$18,"Line"),'Supply Attribution'!$F$31:$G$37,2,FALSE)="Line3",$D21,0)+IF(VLOOKUP(CONCATENATE($E$18,"Line"),'Supply Attribution'!$F$31:$G$37,2,FALSE)="Line3",$E21,0)+IF(VLOOKUP(CONCATENATE($F$18,"Line"),'Supply Attribution'!$F$31:$G$37,2,FALSE)="Line3",$F21,0)-IF(AND($K$16=I$18,$K$14<>$K$15,$K$16=$K$17,RIGHT($K21,3)="2SP"),VLOOKUP(CONCATENATE(LEFT($K21,2),"L"),$R$63:$T$90,3,FALSE),0)-IF(AND($L$16=I$18,$L$14<>$L$15,$L$16=$L$17,RIGHT($L21,3)="2SP"),VLOOKUP(CONCATENATE(LEFT($L21,2),"L"),$R$63:$T$90,3,FALSE),0)-IF(AND($M$16=I$18,$M$14<>$M$15,$M$16=$M$17,RIGHT($M21,3)="2SP"),VLOOKUP(CONCATENATE(LEFT($M21,2),"L"),$R$63:$T$90,3,FALSE),0)-IF(AND($N$16=I$18,$N$14<>$N$15,$N$16=$N$17,RIGHT($N21,3)="2SP"),VLOOKUP(CONCATENATE(LEFT($N21,2),"L"),$R$63:$T$90,3,FALSE),0)-IF(AND($O$16=I$18,$O$14<>$O$15,$O$16=$O$17,RIGHT($O21,3)="2SP"),VLOOKUP(CONCATENATE(LEFT($O21,2),"L"),$R$63:$T$90,3,FALSE),0)-IF(AND($P$16=I$18,$P$14<>$P$15,$P$16=$P$17,RIGHT($P21,3)="2SP"),VLOOKUP(CONCATENATE(LEFT($P21,2),"L"),$R$63:$T$90,3,FALSE),0)-IF(AND($Q$16=I$18,$Q$14<>$Q$15,$Q$16=$Q$17,RIGHT($Q21,3)="2SP"),VLOOKUP(CONCATENATE(LEFT($Q21,2),"L"),$R$63:$T$90,3,FALSE),0)-IF(AND($T$16=I$18,$T$14<>$T$15,$T$16=$T$17,RIGHT($T21,3)="2SP"),VLOOKUP(CONCATENATE(LEFT($T21,2),"L"),$R$63:$T$90,3,FALSE),0)-IF(AND($U$16=I$18,$U$14<>$U$15,$U$16=$U$17,RIGHT($U21,3)="2SP"),VLOOKUP(CONCATENATE(LEFT($U21,2),"L"),$R$63:$T$90,3,FALSE),0)-IF(AND($V$16=I$18,$V$14<>$V$15,$V$16=$V$17,RIGHT($V21,3)="2SP"),VLOOKUP(CONCATENATE(LEFT($V21,2),"L"),$R$63:$T$90,3,FALSE),0)-IF(AND($W$16=I$18,$W$14<>$W$15,$W$16=$W$17,RIGHT($W21,3)="2SP"),VLOOKUP(CONCATENATE(LEFT($W21,2),"L"),$R$63:$T$90,3,FALSE),0)-IF(AND($X$16=I$18,$X$14<>$X$15,$X$16=$X$17,RIGHT($X21,3)="2SP"),VLOOKUP(CONCATENATE(LEFT($X21,2),"L"),$R$63:$T$90,3,FALSE),0)-IF(AND($Y$16=I$18,$Y$14<>$Y$15,$Y$16=$Y$17,RIGHT($Y21,3)="2SP"),VLOOKUP(CONCATENATE(LEFT($Y21,2),"L"),$R$63:$T$90,3,FALSE),0),0),"") | I21: =IF(I$18<>"",IF(VLOOKUP(CONCATENATE($A$18,"Line"),'Supply Attribution'!$F$31:$G$37,2,FALSE)=I$18,$A21,0)+IF(VLOOKUP(CONCATENATE($B$18,"Line"),'Supply Attribution'!$F$31:$G$37,2,FALSE)=I$18,$B21,0)+IF(VLOOKUP(CONCATENATE($C$18,"Line"),'Supply Attribution'!$F$31:$G$37,2,FALSE)=I$18,$C21,0)+IF(VLOOKUP(CONCATENATE($D$18,"Line"),'Supply Attribution'!$F$31:$G$37,2,FALSE)=I$18,$D21,0)+IF(VLOOKUP(CONCATENATE($E$18,"Line"),'Supply Attribution'!$F$31:$G$37,2,FALSE)=I$18,$E21,0)+IF(VLOOKUP(CONCATENATE($F$18,"Line"),'Supply Attribution'!$F$31:$G$37,2,FALSE)=I$18,$F21,0)+IF($K$6="UL",LEFT($S$90,2),0)-IF(AND($K$16=I$18,$K$14<>$K$15,$K$16=$K$17,RIGHT($K21,3)="2SP"),VLOOKUP(CONCATENATE(LEFT($K21,2),"L"),$R$63:$T$90,3,FALSE),0)-IF(AND($L$16=I$18,$L$14<>$L$15,$L$16=$L$17,RIGHT($L21,3)="2SP"),VLOOKUP(CONCATENATE(LEFT($L21,2),"L"),$R$63:$T$90,3,FALSE),0)-IF(AND($M$16=I$18,$M$14<>$M$15,$M$16=$M$17,RIGHT($M21,3)="2SP"),VLOOKUP(CONCATENATE(LEFT($M21,2),"L"),$R$63:$T$90,3,FALSE),0)-IF(AND($N$16=I$18,$N$14<>$N$15,$N$16=$N$17,RIGHT($N21,3)="2SP"),VLOOKUP(CONCATENATE(LEFT($N21,2),"L"),$R$63:$T$90,3,FALSE),0)-IF(AND($O$16=I$18,$O$14<>$O$15,$O$16=$O$17,RIGHT($O21,3)="2SP"),VLOOKUP(CONCATENATE(LEFT($O21,2),"L"),$R$63:$T$90,3,FALSE),0)-IF(AND($P$16=I$18,$P$14<>$P$15,$P$16=$P$17,RIGHT($P21,3)="2SP"),VLOOKUP(CONCATENATE(LEFT($P21,2),"L"),$R$63:$T$90,3,FALSE),0)-IF(AND($Q$16=I$18,$Q$14<>$Q$15,$Q$16=$Q$17,RIGHT($Q21,3)="2SP"),VLOOKUP(CONCATENATE(LEFT($Q21,2),"L"),$R$63:$T$90,3,FALSE),0)-IF(AND($T$16=I$18,$T$14<>$T$15,$T$16=$T$17,RIGHT($T21,3)="2SP"),VLOOKUP(CONCATENATE(LEFT($T21,2),"L"),$R$63:$T$90,3,FALSE),0)-IF(AND($U$16=I$18,$U$14<>$U$15,$U$16=$U$17,RIGHT($U21,3)="2SP"),VLOOKUP(CONCATENATE(LEFT($U21,2),"L"),$R$63:$T$90,3,FALSE),0)-IF(AND($V$16=I$18,$V$14<>$V$15,$V$16=$V$17,RIGHT($V21,3)="2SP"),VLOOKUP(CONCATENATE(LEFT($V21,2),"L"),$R$63:$T$90,3,FALSE),0)-IF(AND($W$16=I$18,$W$14<>$W$15,$W$16=$W$17,RIGHT($W21,3)="2SP"),VLOOKUP(CONCATENATE(LEFT($W21,2),"L"),$R$63:$T$90,3,FALSE),0)-IF(AND($X$16=I$18,$X$14<>$X$15,$X$16=$X$17,RIGHT($X21,3)="2SP"),VLOOKUP(CONCATENATE(LEFT($X21,2),"L"),$R$63:$T$90,3,FALSE),0)-IF(AND($Y$16=I$18,$Y$14<>$Y$15,$Y$16=$Y$17,RIGHT($Y21,3)="2SP"),VLOOKUP(CONCATENATE(LEFT($Y21,2),"L"),$R$63:$T$90,3,FALSE),0),"") | J21: 1 | K21: O3 | L21: -- | M21: P1_2SP | N21: -- | O21: DIRECT 1 | Z21: -- | AA21: ON when filtering | AB21: P1 | AC21: With P1 | AD21: P1 | AE21: =J21 -> 1
A22: =IF(AND($K22<>"",$K22<>"--",$K22<>"O3/CP",$K$14=A$18),IF(LEFT($K22,1)="P",VLOOKUP(CONCATENATE(LEFT($K22,2),"H"),$R$63:$T$91,3,FALSE),VLOOKUP($K22,$R$63:$T$91,3,FALSE)))+IF(AND($K22<>"",$K22<>"O3/CP",$K$15=A$18,MID($K22,4,1)="2",$K$15<>$K$14),VLOOKUP(CONCATENATE(LEFT($K22,2),"L"),$R$63:$T$91,3,FALSE),0)+IF(AND($K22="O3/CP",$K$14=A$18),VLOOKUP("O3",$R$63:$T$91,3,FALSE)+VLOOKUP("CP",$R$63:$T$91,3,FALSE),0)+IF(AND($L22<>"",$L22<>"--",$L22<>"O3/CP",$L$14=A$18),IF(LEFT($L22,1)="P",VLOOKUP(CONCATENATE(LEFT($L22,2),"H"),$R$63:$T$91,3,FALSE),VLOOKUP($L22,$R$63:$T$91,3,FALSE)))+IF(AND($L22<>"",$L22<>"O3/CP",$L$15=A$18,MID($L22,4,1)="2",$L$15<>$L$14),VLOOKUP(CONCATENATE(LEFT($L22,2),"L"),$R$63:$T$91,3,FALSE),0)+IF(AND($L22="O3/CP",$L$14=A$18),VLOOKUP("O3",$R$63:$T$91,3,FALSE)+VLOOKUP("CP",$R$63:$T$91,3,FALSE),0)+IF(AND($M22<>"",$M22<>"--",$M22<>"O3/CP",$M$14=A$18),IF(LEFT($M22,1)="P",VLOOKUP(CONCATENATE(LEFT($M22,2),"H"),$R$63:$T$91,3,FALSE),VLOOKUP($M22,$R$63:$T$91,3,FALSE)))+IF(AND($M22<>"",$M22<>"O3/CP",$M$15=A$18,MID($M22,4,1)="2",$M$15<>$M$14),VLOOKUP(CONCATENATE(LEFT($M22,2),"L"),$R$63:$T$91,3,FALSE),0)+IF(AND($M22="O3/CP",$M$14=A$18),VLOOKUP("O3",$R$63:$T$91,3,FALSE)+VLOOKUP("CP",$R$63:$T$91,3,FALSE),0)+IF(AND($N22<>"",$N22<>"--",$N22<>"O3/CP",$N$14=A$18),IF(LEFT($N22,1)="P",VLOOKUP(CONCATENATE(LEFT($N22,2),"H"),$R$63:$T$91,3,FALSE),VLOOKUP($N22,$R$63:$T$91,3,FALSE)))+IF(AND($N22<>"",$N22<>"O3/CP",$N$15=A$18,MID($N22,4,1)="2",$N$15<>$N$14),VLOOKUP(CONCATENATE(LEFT($N22,2),"L"),$R$63:$T$91,3,FALSE),0)+IF(AND($N22="O3/CP",$N$14=A$18),VLOOKUP("O3",$R$63:$T$91,3,FALSE)+VLOOKUP("CP",$R$63:$T$91,3,FALSE),0)+IF(AND($O22<>"",$O22<>"--",$O22<>"O3/CP",$O$14=A$18),IF(LEFT($O22,1)="P",VLOOKUP(CONCATENATE(LEFT($O22,2),"H"),$R$63:$T$91,3,FALSE),VLOOKUP($O22,$R$63:$T$91,3,FALSE)))+IF(AND($O22<>"",$O22<>"O3/CP",$O$15=A$18,MID($O22,4,1)="2",$O$15<>$O$14),VLOOKUP(CONCATENATE(LEFT($O22,2),"L"),$R$63:$T$91,3,FALSE),0)+IF(AND($O22="O3/CP",$O$14=A$18),VLOOKUP("O3",$R$63:$T$91,3,FALSE)+VLOOKUP("CP",$R$63:$T$91,3,FALSE),0)+IF(AND($P22<>"",$P22<>"--",$P22<>"O3/CP",$P$14=A$18),IF(LEFT($P22,1)="P",VLOOKUP(CONCATENATE(LEFT($P22,2),"H"),$R$63:$T$91,3,FALSE),VLOOKUP($P22,$R$63:$T$91,3,FALSE)))+IF(AND($P22<>"",$P22<>"O3/CP",$P$15=A$18,MID($P22,4,1)="2",$P$15<>$P$14),VLOOKUP(CONCATENATE(LEFT($P22,2),"L"),$R$63:$T$91,3,FALSE),0)+IF(AND($P22="O3/CP",$P$14=A$18),VLOOKUP("O3",$R$63:$T$91,3,FALSE)+VLOOKUP("CP",$R$63:$T$91,3,FALSE),0)+IF(AND($Q22<>"",$Q22<>"--",$Q22<>"O3/CP",$Q$14=A$18),IF(LEFT($Q22,1)="P",VLOOKUP(CONCATENATE(LEFT($Q22,2),"H"),$R$63:$T$91,3,FALSE),VLOOKUP($Q22,$R$63:$T$91,3,FALSE)))+IF(AND($Q22<>"",$Q22<>"O3/CP",$Q$15=A$18,MID($Q22,4,1)="2",$Q$15<>$Q$14),VLOOKUP(CONCATENATE(LEFT($Q22,2),"L"),$R$63:$T$91,3,FALSE),0)+IF(AND($Q22="O3/CP",$Q$14=A$18),VLOOKUP("O3",$R$63:$T$91,3,FALSE)+VLOOKUP("CP",$R$63:$T$91,3,FALSE),0)+IF(AND($R22<>"",$R22<>"--",$R22<>"O3/CP",$R$14=A$18),IF(LEFT($R22,1)="P",VLOOKUP(CONCATENATE(LEFT($R22,2),"H"),$R$63:$T$91,3,FALSE),VLOOKUP($R22,$R$63:$T$91,3,FALSE)))+IF(AND($R22<>"",$R22<>"O3/CP",$R$15=A$18,MID($R22,4,1)="2",$R$15<>$R$14),VLOOKUP(CONCATENATE(LEFT($R22,2),"L"),$R$63:$T$91,3,FALSE),0)+IF(AND($R22="O3/CP",$R$14=A$18),VLOOKUP("O3",$R$63:$T$91,3,FALSE)+VLOOKUP("CP",$R$63:$T$91,3,FALSE),0)+IF(AND($S22<>"",$S22<>"--",$S22<>"O3/CP",$S$14=A$18),IF(LEFT($S22,1)="P",VLOOKUP(CONCATENATE(LEFT($S22,2),"H"),$R$63:$T$91,3,FALSE),VLOOKUP($S22,$R$63:$T$91,3,FALSE)))+IF(AND($S22<>"",$S22<>"O3/CP",$S$15=A$18,MID($S22,4,1)="2",$S$15<>$S$14),VLOOKUP(CONCATENATE(LEFT($S22,2),"L"),$R$63:$T$91,3,FALSE),0)+IF(AND($S22="O3/CP",$S$14=A$18),VLOOKUP("O3",$R$63:$T$91,3,FALSE)+VLOOKUP("CP",$R$63:$T$91,3,FALSE),0)+IF(AND($T22<>"",$T22<>"--",$T22<>"O3/CP",$T$14=A$18),IF(LEFT($T22,1)="P",VLOOKUP(CONCATENATE(LEFT($T22,2),"H"),$R$63:$T$91,3,FALSE),VLOOKUP($T22,$R$63:$T$91,3,FALSE)))+IF(AND($T22<>"",$T22<>"O3/CP",$T$15=A$18,MID($T22,4,1)="2",$T$15<>$T$14),VLOOKUP(CONCATENATE(LEFT($T22,2),"L"),$R$63:$T$91,3,FALSE),0)+IF(AND($T22="O3/CP",$T$14=A$18),VLOOKUP("O3",$R$63:$T$91,3,FALSE)+VLOOKUP("CP",$R$63:$T$91,3,FALSE),0)+IF(AND($U22<>"",$U22<>"--",$U22<>"O3/CP",$U$14=A$18),IF(LEFT($U22,1)="P",VLOOKUP(CONCATENATE(LEFT($U22,2),"H"),$R$63:$T$91,3,FALSE),VLOOKUP($U22,$R$63:$T$91,3,FALSE)))+IF(AND($U22<>"",$U22<>"O3/CP",$U$15=A$18,MID($U22,4,1)="2",$U$15<>$U$14),VLOOKUP(CONCATENATE(LEFT($U22,2),"L"),$R$63:$T$91,3,FALSE),0)+IF(AND($U22="O3/CP",$T$14=A$18),VLOOKUP("O3",$R$63:$T$91,3,FALSE)+VLOOKUP("CP",$R$63:$T$91,3,FALSE),0)+IF(AND($V22<>"",$V22<>"--",$V22<>"O3/CP",$V$14=A$18),IF(LEFT($V22,1)="P",VLOOKUP(CONCATENATE(LEFT($V22,2),"H"),$R$63:$T$91,3,FALSE),VLOOKUP($V22,$R$63:$T$91,3,FALSE)))+IF(AND($V22<>"",$V22<>"O3/CP",$V$15=A$18,MID($V22,4,1)="2",$V$15<>$V$14),VLOOKUP(CONCATENATE(LEFT($V22,2),"L"),$R$63:$T$91,3,FALSE),0)+IF(AND($V22="O3/CP",$V$14=A$18),VLOOKUP("O3",$R$63:$T$91,3,FALSE)+VLOOKUP("CP",$R$63:$T$91,3,FALSE),0)+IF(AND($W22<>"",$W22<>"--",$W22<>"O3/CP",$W$14=A$18),IF(LEFT($W22,1)="P",VLOOKUP(CONCATENATE(LEFT($W22,2),"H"),$R$63:$T$91,3,FALSE),VLOOKUP($W22,$R$63:$T$91,3,FALSE)))+IF(AND($W22<>"",$W22<>"O3/CP",$W$15=A$18,MID($W22,4,1)="2",$W$15<>$W$14),VLOOKUP(CONCATENATE(LEFT($W22,2),"L"),$R$63:$T$91,3,FALSE),0)+IF(AND($W22="O3/CP",$W$14=A$18),VLOOKUP("O3",$R$63:$T$91,3,FALSE)+VLOOKUP("CP",$R$63:$T$91,3,FALSE),0)+IF(AND($X22<>"",$X22<>"--",$X22<>"O3/CP",$X$14=A$18),IF(LEFT($X22,1)="P",VLOOKUP(CONCATENATE(LEFT($X22,2),"H"),$R$63:$T$91,3,FALSE),VLOOKUP($X22,$R$63:$T$91,3,FALSE)))+IF(AND($X22<>"",$X22<>"O3/CP",$X$15=A$18,MID($X22,4,1)="2",$X$15<>$X$14),VLOOKUP(CONCATENATE(LEFT($X22,2),"L"),$R$63:$T$91,3,FALSE),0)+IF(AND($X22="O3/CP",$X$14=A$18),VLOOKUP("O3",$R$63:$T$91,3,FALSE)+VLOOKUP("CP",$R$63:$T$91,3,FALSE),0)+IF(AND($Y22<>"",$Y22<>"--",$Y22<>"O3/CP",$Y$14=A$18),IF(LEFT($Y22,1)="P",VLOOKUP(CONCATENATE(LEFT($Y22,2),"H"),$R$63:$T$91,3,FALSE),VLOOKUP($Y22,$R$63:$T$91,3,FALSE)))+IF(AND($Y22<>"",$Y22<>"O3/CP",$Y$15=A$18,MID($Y22,4,1)="2",$Y$15<>$Y$14),VLOOKUP(CONCATENATE(LEFT($Y22,2),"L"),$R$63:$T$91,3,FALSE),0)+IF(AND($Y22="O3/CP",$Y$14=A$18),VLOOKUP("O3",$R$63:$T$91,3,FALSE)+VLOOKUP("CP",$R$63:$T$91,3,FALSE),0)+IF(AND($K$6="CE",'[3]Supply Attribution'!$G$20=A$18),LEFT($S$90,2),0)+IF(AND($X$86<>"Not Set",$X$87=A$18),$X$86,0) -> 13 | B22: =IF(AND($K22<>"",$K22<>"--",$K22<>"O3/CP",$K$14=B$18),IF(LEFT($K22,1)="P",VLOOKUP(CONCATENATE(LEFT($K22,2),"H"),$R$63:$T$91,3,FALSE),VLOOKUP($K22,$R$63:$T$91,3,FALSE)))+IF(AND($K22<>"",$K22<>"O3/CP",$K$15=B$18,MID($K22,4,1)="2",$K$15<>$K$14),VLOOKUP(CONCATENATE(LEFT($K22,2),"L"),$R$63:$T$91,3,FALSE),0)+IF(AND($K22="O3/CP",$K$14=B$18),VLOOKUP("O3",$R$63:$T$91,3,FALSE)+VLOOKUP("CP",$R$63:$T$91,3,FALSE),0)+IF(AND($L22<>"",$L22<>"--",$L22<>"O3/CP",$L$14=B$18),IF(LEFT($L22,1)="P",VLOOKUP(CONCATENATE(LEFT($L22,2),"H"),$R$63:$T$91,3,FALSE),VLOOKUP($L22,$R$63:$T$91,3,FALSE)))+IF(AND($L22<>"",$L22<>"O3/CP",$L$15=B$18,MID($L22,4,1)="2",$L$15<>$L$14),VLOOKUP(CONCATENATE(LEFT($L22,2),"L"),$R$63:$T$91,3,FALSE),0)+IF(AND($L22="O3/CP",$L$14=B$18),VLOOKUP("O3",$R$63:$T$91,3,FALSE)+VLOOKUP("CP",$R$63:$T$91,3,FALSE),0)+IF(AND($M22<>"",$M22<>"--",$M22<>"O3/CP",$M$14=B$18),IF(LEFT($M22,1)="P",VLOOKUP(CONCATENATE(LEFT($M22,2),"H"),$R$63:$T$91,3,FALSE),VLOOKUP($M22,$R$63:$T$91,3,FALSE)))+IF(AND($M22<>"",$M22<>"O3/CP",$M$15=B$18,MID($M22,4,1)="2",$M$15<>$M$14),VLOOKUP(CONCATENATE(LEFT($M22,2),"L"),$R$63:$T$91,3,FALSE),0)+IF(AND($M22="O3/CP",$M$14=B$18),VLOOKUP("O3",$R$63:$T$91,3,FALSE)+VLOOKUP("CP",$R$63:$T$91,3,FALSE),0)+IF(AND($N22<>"",$N22<>"--",$N22<>"O3/CP",$N$14=B$18),IF(LEFT($N22,1)="P",VLOOKUP(CONCATENATE(LEFT($N22,2),"H"),$R$63:$T$91,3,FALSE),VLOOKUP($N22,$R$63:$T$91,3,FALSE)))+IF(AND($N22<>"",$N22<>"O3/CP",$N$15=B$18,MID($N22,4,1)="2",$N$15<>$N$14),VLOOKUP(CONCATENATE(LEFT($N22,2),"L"),$R$63:$T$91,3,FALSE),0)+IF(AND($N22="O3/CP",$N$14=B$18),VLOOKUP("O3",$R$63:$T$91,3,FALSE)+VLOOKUP("CP",$R$63:$T$91,3,FALSE),0)+IF(AND($O22<>"",$O22<>"--",$O22<>"O3/CP",$O$14=B$18),IF(LEFT($O22,1)="P",VLOOKUP(CONCATENATE(LEFT($O22,2),"H"),$R$63:$T$91,3,FALSE),VLOOKUP($O22,$R$63:$T$91,3,FALSE)))+IF(AND($O22<>"",$O22<>"O3/CP",$O$15=B$18,MID($O22,4,1)="2",$O$15<>$O$14),VLOOKUP(CONCATENATE(LEFT($O22,2),"L"),$R$63:$T$91,3,FALSE),0)+IF(AND($O22="O3/CP",$O$14=B$18),VLOOKUP("O3",$R$63:$T$91,3,FALSE)+VLOOKUP("CP",$R$63:$T$91,3,FALSE),0)+IF(AND($P22<>"",$P22<>"--",$P22<>"O3/CP",$P$14=B$18),IF(LEFT($P22,1)="P",VLOOKUP(CONCATENATE(LEFT($P22,2),"H"),$R$63:$T$91,3,FALSE),VLOOKUP($P22,$R$63:$T$91,3,FALSE)))+IF(AND($P22<>"",$P22<>"O3/CP",$P$15=B$18,MID($P22,4,1)="2",$P$15<>$P$14),VLOOKUP(CONCATENATE(LEFT($P22,2),"L"),$R$63:$T$91,3,FALSE),0)+IF(AND($P22="O3/CP",$P$14=B$18),VLOOKUP("O3",$R$63:$T$91,3,FALSE)+VLOOKUP("CP",$R$63:$T$91,3,FALSE),0)+IF(AND($Q22<>"",$Q22<>"--",$Q22<>"O3/CP",$Q$14=B$18),IF(LEFT($Q22,1)="P",VLOOKUP(CONCATENATE(LEFT($Q22,2),"H"),$R$63:$T$91,3,FALSE),VLOOKUP($Q22,$R$63:$T$91,3,FALSE)))+IF(AND($Q22<>"",$Q22<>"O3/CP",$Q$15=B$18,MID($Q22,4,1)="2",$Q$15<>$Q$14),VLOOKUP(CONCATENATE(LEFT($Q22,2),"L"),$R$63:$T$91,3,FALSE),0)+IF(AND($Q22="O3/CP",$Q$14=B$18),VLOOKUP("O3",$R$63:$T$91,3,FALSE)+VLOOKUP("CP",$R$63:$T$91,3,FALSE),0)+IF(AND($R22<>"",$R22<>"--",$R22<>"O3/CP",$R$14=B$18),IF(LEFT($R22,1)="P",VLOOKUP(CONCATENATE(LEFT($R22,2),"H"),$R$63:$T$91,3,FALSE),VLOOKUP($R22,$R$63:$T$91,3,FALSE)))+IF(AND($R22<>"",$R22<>"O3/CP",$R$15=B$18,MID($R22,4,1)="2",$R$15<>$R$14),VLOOKUP(CONCATENATE(LEFT($R22,2),"L"),$R$63:$T$91,3,FALSE),0)+IF(AND($R22="O3/CP",$R$14=B$18),VLOOKUP("O3",$R$63:$T$91,3,FALSE)+VLOOKUP("CP",$R$63:$T$91,3,FALSE),0)+IF(AND($S22<>"",$S22<>"--",$S22<>"O3/CP",$S$14=B$18),IF(LEFT($S22,1)="P",VLOOKUP(CONCATENATE(LEFT($S22,2),"H"),$R$63:$T$91,3,FALSE),VLOOKUP($S22,$R$63:$T$91,3,FALSE)))+IF(AND($S22<>"",$S22<>"O3/CP",$S$15=B$18,MID($S22,4,1)="2",$S$15<>$S$14),VLOOKUP(CONCATENATE(LEFT($S22,2),"L"),$R$63:$T$91,3,FALSE),0)+IF(AND($S22="O3/CP",$S$14=B$18),VLOOKUP("O3",$R$63:$T$91,3,FALSE)+VLOOKUP("CP",$R$63:$T$91,3,FALSE),0)+IF(AND($T22<>"",$T22<>"--",$T22<>"O3/CP",$T$14=B$18),IF(LEFT($T22,1)="P",VLOOKUP(CONCATENATE(LEFT($T22,2),"H"),$R$63:$T$91,3,FALSE),VLOOKUP($T22,$R$63:$T$91,3,FALSE)))+IF(AND($T22<>"",$T22<>"O3/CP",$T$15=B$18,MID($T22,4,1)="2",$T$15<>$T$14),VLOOKUP(CONCATENATE(LEFT($T22,2),"L"),$R$63:$T$91,3,FALSE),0)+IF(AND($T22="O3/CP",$T$14=B$18),VLOOKUP("O3",$R$63:$T$91,3,FALSE)+VLOOKUP("CP",$R$63:$T$91,3,FALSE),0)+IF(AND($U22<>"",$U22<>"--",$U22<>"O3/CP",$U$14=B$18),IF(LEFT($U22,1)="P",VLOOKUP(CONCATENATE(LEFT($U22,2),"H"),$R$63:$T$91,3,FALSE),VLOOKUP($U22,$R$63:$T$91,3,FALSE)))+IF(AND($U22<>"",$U22<>"O3/CP",$U$15=B$18,MID($U22,4,1)="2",$U$15<>$U$14),VLOOKUP(CONCATENATE(LEFT($U22,2),"L"),$R$63:$T$91,3,FALSE),0)+IF(AND($U22="O3/CP",$T$14=B$18),VLOOKUP("O3",$R$63:$T$91,3,FALSE)+VLOOKUP("CP",$R$63:$T$91,3,FALSE),0)+IF(AND($V22<>"",$V22<>"--",$V22<>"O3/CP",$V$14=B$18),IF(LEFT($V22,1)="P",VLOOKUP(CONCATENATE(LEFT($V22,2),"H"),$R$63:$T$91,3,FALSE),VLOOKUP($V22,$R$63:$T$91,3,FALSE)))+IF(AND($V22<>"",$V22<>"O3/CP",$V$15=B$18,MID($V22,4,1)="2",$V$15<>$V$14),VLOOKUP(CONCATENATE(LEFT($V22,2),"L"),$R$63:$T$91,3,FALSE),0)+IF(AND($V22="O3/CP",$V$14=B$18),VLOOKUP("O3",$R$63:$T$91,3,FALSE)+VLOOKUP("CP",$R$63:$T$91,3,FALSE),0)+IF(AND($W22<>"",$W22<>"--",$W22<>"O3/CP",$W$14=B$18),IF(LEFT($W22,1)="P",VLOOKUP(CONCATENATE(LEFT($W22,2),"H"),$R$63:$T$91,3,FALSE),VLOOKUP($W22,$R$63:$T$91,3,FALSE)))+IF(AND($W22<>"",$W22<>"O3/CP",$W$15=B$18,MID($W22,4,1)="2",$W$15<>$W$14),VLOOKUP(CONCATENATE(LEFT($W22,2),"L"),$R$63:$T$91,3,FALSE),0)+IF(AND($W22="O3/CP",$W$14=B$18),VLOOKUP("O3",$R$63:$T$91,3,FALSE)+VLOOKUP("CP",$R$63:$T$91,3,FALSE),0)+IF(AND($X22<>"",$X22<>"--",$X22<>"O3/CP",$X$14=B$18),IF(LEFT($X22,1)="P",VLOOKUP(CONCATENATE(LEFT($X22,2),"H"),$R$63:$T$91,3,FALSE),VLOOKUP($X22,$R$63:$T$91,3,FALSE)))+IF(AND($X22<>"",$X22<>"O3/CP",$X$15=B$18,MID($X22,4,1)="2",$X$15<>$X$14),VLOOKUP(CONCATENATE(LEFT($X22,2),"L"),$R$63:$T$91,3,FALSE),0)+IF(AND($X22="O3/CP",$X$14=B$18),VLOOKUP("O3",$R$63:$T$91,3,FALSE)+VLOOKUP("CP",$R$63:$T$91,3,FALSE),0)+IF(AND($Y22<>"",$Y22<>"--",$Y22<>"O3/CP",$Y$14=B$18),IF(LEFT($Y22,1)="P",VLOOKUP(CONCATENATE(LEFT($Y22,2),"H"),$R$63:$T$91,3,FALSE),VLOOKUP($Y22,$R$63:$T$91,3,FALSE)))+IF(AND($Y22<>"",$Y22<>"O3/CP",$Y$15=B$18,MID($Y22,4,1)="2",$Y$15<>$Y$14),VLOOKUP(CONCATENATE(LEFT($Y22,2),"L"),$R$63:$T$91,3,FALSE),0)+IF(AND($Y22="O3/CP",$Y$14=B$18),VLOOKUP("O3",$R$63:$T$91,3,FALSE)+VLOOKUP("CP",$R$63:$T$91,3,FALSE),0)+IF(AND($K$6="CE",'[3]Supply Attribution'!$G$20=B$18),LEFT($S$90,2),0)+IF(AND($X$86<>"Not Set",$X$87=B$18),$X$86,0) -> 5 | C22: =IF(AND($K22<>"",$K22<>"--",$K22<>"O3/CP",$K$14=C$18),IF(LEFT($K22,1)="P",VLOOKUP(CONCATENATE(LEFT($K22,2),"H"),$R$63:$T$91,3,FALSE),VLOOKUP($K22,$R$63:$T$91,3,FALSE)))+IF(AND($K22<>"",$K22<>"O3/CP",$K$15=C$18,MID($K22,4,1)="2",$K$15<>$K$14),VLOOKUP(CONCATENATE(LEFT($K22,2),"L"),$R$63:$T$91,3,FALSE),0)+IF(AND($K22="O3/CP",$K$14=C$18),VLOOKUP("O3",$R$63:$T$91,3,FALSE)+VLOOKUP("CP",$R$63:$T$91,3,FALSE),0)+IF(AND($L22<>"",$L22<>"--",$L22<>"O3/CP",$L$14=C$18),IF(LEFT($L22,1)="P",VLOOKUP(CONCATENATE(LEFT($L22,2),"H"),$R$63:$T$91,3,FALSE),VLOOKUP($L22,$R$63:$T$91,3,FALSE)))+IF(AND($L22<>"",$L22<>"O3/CP",$L$15=C$18,MID($L22,4,1)="2",$L$15<>$L$14),VLOOKUP(CONCATENATE(LEFT($L22,2),"L"),$R$63:$T$91,3,FALSE),0)+IF(AND($L22="O3/CP",$L$14=C$18),VLOOKUP("O3",$R$63:$T$91,3,FALSE)+VLOOKUP("CP",$R$63:$T$91,3,FALSE),0)+IF(AND($M22<>"",$M22<>"--",$M22<>"O3/CP",$M$14=C$18),IF(LEFT($M22,1)="P",VLOOKUP(CONCATENATE(LEFT($M22,2),"H"),$R$63:$T$91,3,FALSE),VLOOKUP($M22,$R$63:$T$91,3,FALSE)))+IF(AND($M22<>"",$M22<>"O3/CP",$M$15=C$18,MID($M22,4,1)="2",$M$15<>$M$14),VLOOKUP(CONCATENATE(LEFT($M22,2),"L"),$R$63:$T$91,3,FALSE),0)+IF(AND($M22="O3/CP",$M$14=C$18),VLOOKUP("O3",$R$63:$T$91,3,FALSE)+VLOOKUP("CP",$R$63:$T$91,3,FALSE),0)+IF(AND($N22<>"",$N22<>"--",$N22<>"O3/CP",$N$14=C$18),IF(LEFT($N22,1)="P",VLOOKUP(CONCATENATE(LEFT($N22,2),"H"),$R$63:$T$91,3,FALSE),VLOOKUP($N22,$R$63:$T$91,3,FALSE)))+IF(AND($N22<>"",$N22<>"O3/CP",$N$15=C$18,MID($N22,4,1)="2",$N$15<>$N$14),VLOOKUP(CONCATENATE(LEFT($N22,2),"L"),$R$63:$T$91,3,FALSE),0)+IF(AND($N22="O3/CP",$N$14=C$18),VLOOKUP("O3",$R$63:$T$91,3,FALSE)+VLOOKUP("CP",$R$63:$T$91,3,FALSE),0)+IF(AND($O22<>"",$O22<>"--",$O22<>"O3/CP",$O$14=C$18),IF(LEFT($O22,1)="P",VLOOKUP(CONCATENATE(LEFT($O22,2),"H"),$R$63:$T$91,3,FALSE),VLOOKUP($O22,$R$63:$T$91,3,FALSE)))+IF(AND($O22<>"",$O22<>"O3/CP",$O$15=C$18,MID($O22,4,1)="2",$O$15<>$O$14),VLOOKUP(CONCATENATE(LEFT($O22,2),"L"),$R$63:$T$91,3,FALSE),0)+IF(AND($O22="O3/CP",$O$14=C$18),VLOOKUP("O3",$R$63:$T$91,3,FALSE)+VLOOKUP("CP",$R$63:$T$91,3,FALSE),0)+IF(AND($P22<>"",$P22<>"--",$P22<>"O3/CP",$P$14=C$18),IF(LEFT($P22,1)="P",VLOOKUP(CONCATENATE(LEFT($P22,2),"H"),$R$63:$T$91,3,FALSE),VLOOKUP($P22,$R$63:$T$91,3,FALSE)))+IF(AND($P22<>"",$P22<>"O3/CP",$P$15=C$18,MID($P22,4,1)="2",$P$15<>$P$14),VLOOKUP(CONCATENATE(LEFT($P22,2),"L"),$R$63:$T$91,3,FALSE),0)+IF(AND($P22="O3/CP",$P$14=C$18),VLOOKUP("O3",$R$63:$T$91,3,FALSE)+VLOOKUP("CP",$R$63:$T$91,3,FALSE),0)+IF(AND($Q22<>"",$Q22<>"--",$Q22<>"O3/CP",$Q$14=C$18),IF(LEFT($Q22,1)="P",VLOOKUP(CONCATENATE(LEFT($Q22,2),"H"),$R$63:$T$91,3,FALSE),VLOOKUP($Q22,$R$63:$T$91,3,FALSE)))+IF(AND($Q22<>"",$Q22<>"O3/CP",$Q$15=C$18,MID($Q22,4,1)="2",$Q$15<>$Q$14),VLOOKUP(CONCATENATE(LEFT($Q22,2),"L"),$R$63:$T$91,3,FALSE),0)+IF(AND($Q22="O3/CP",$Q$14=C$18),VLOOKUP("O3",$R$63:$T$91,3,FALSE)+VLOOKUP("CP",$R$63:$T$91,3,FALSE),0)+IF(AND($R22<>"",$R22<>"--",$R22<>"O3/CP",$R$14=C$18),IF(LEFT($R22,1)="P",VLOOKUP(CONCATENATE(LEFT($R22,2),"H"),$R$63:$T$91,3,FALSE),VLOOKUP($R22,$R$63:$T$91,3,FALSE)))+IF(AND($R22<>"",$R22<>"O3/CP",$R$15=C$18,MID($R22,4,1)="2",$R$15<>$R$14),VLOOKUP(CONCATENATE(LEFT($R22,2),"L"),$R$63:$T$91,3,FALSE),0)+IF(AND($R22="O3/CP",$R$14=C$18),VLOOKUP("O3",$R$63:$T$91,3,FALSE)+VLOOKUP("CP",$R$63:$T$91,3,FALSE),0)+IF(AND($S22<>"",$S22<>"--",$S22<>"O3/CP",$S$14=C$18),IF(LEFT($S22,1)="P",VLOOKUP(CONCATENATE(LEFT($S22,2),"H"),$R$63:$T$91,3,FALSE),VLOOKUP($S22,$R$63:$T$91,3,FALSE)))+IF(AND($S22<>"",$S22<>"O3/CP",$S$15=C$18,MID($S22,4,1)="2",$S$15<>$S$14),VLOOKUP(CONCATENATE(LEFT($S22,2),"L"),$R$63:$T$91,3,FALSE),0)+IF(AND($S22="O3/CP",$S$14=C$18),VLOOKUP("O3",$R$63:$T$91,3,FALSE)+VLOOKUP("CP",$R$63:$T$91,3,FALSE),0)+IF(AND($T22<>"",$T22<>"--",$T22<>"O3/CP",$T$14=C$18),IF(LEFT($T22,1)="P",VLOOKUP(CONCATENATE(LEFT($T22,2),"H"),$R$63:$T$91,3,FALSE),VLOOKUP($T22,$R$63:$T$91,3,FALSE)))+IF(AND($T22<>"",$T22<>"O3/CP",$T$15=C$18,MID($T22,4,1)="2",$T$15<>$T$14),VLOOKUP(CONCATENATE(LEFT($T22,2),"L"),$R$63:$T$91,3,FALSE),0)+IF(AND($T22="O3/CP",$T$14=C$18),VLOOKUP("O3",$R$63:$T$91,3,FALSE)+VLOOKUP("CP",$R$63:$T$91,3,FALSE),0)+IF(AND($U22<>"",$U22<>"--",$U22<>"O3/CP",$U$14=C$18),IF(LEFT($U22,1)="P",VLOOKUP(CONCATENATE(LEFT($U22,2),"H"),$R$63:$T$91,3,FALSE),VLOOKUP($U22,$R$63:$T$91,3,FALSE)))+IF(AND($U22<>"",$U22<>"O3/CP",$U$15=C$18,MID($U22,4,1)="2",$U$15<>$U$14),VLOOKUP(CONCATENATE(LEFT($U22,2),"L"),$R$63:$T$91,3,FALSE),0)+IF(AND($U22="O3/CP",$T$14=C$18),VLOOKUP("O3",$R$63:$T$91,3,FALSE)+VLOOKUP("CP",$R$63:$T$91,3,FALSE),0)+IF(AND($V22<>"",$V22<>"--",$V22<>"O3/CP",$V$14=C$18),IF(LEFT($V22,1)="P",VLOOKUP(CONCATENATE(LEFT($V22,2),"H"),$R$63:$T$91,3,FALSE),VLOOKUP($V22,$R$63:$T$91,3,FALSE)))+IF(AND($V22<>"",$V22<>"O3/CP",$V$15=C$18,MID($V22,4,1)="2",$V$15<>$V$14),VLOOKUP(CONCATENATE(LEFT($V22,2),"L"),$R$63:$T$91,3,FALSE),0)+IF(AND($V22="O3/CP",$V$14=C$18),VLOOKUP("O3",$R$63:$T$91,3,FALSE)+VLOOKUP("CP",$R$63:$T$91,3,FALSE),0)+IF(AND($W22<>"",$W22<>"--",$W22<>"O3/CP",$W$14=C$18),IF(LEFT($W22,1)="P",VLOOKUP(CONCATENATE(LEFT($W22,2),"H"),$R$63:$T$91,3,FALSE),VLOOKUP($W22,$R$63:$T$91,3,FALSE)))+IF(AND($W22<>"",$W22<>"O3/CP",$W$15=C$18,MID($W22,4,1)="2",$W$15<>$W$14),VLOOKUP(CONCATENATE(LEFT($W22,2),"L"),$R$63:$T$91,3,FALSE),0)+IF(AND($W22="O3/CP",$W$14=C$18),VLOOKUP("O3",$R$63:$T$91,3,FALSE)+VLOOKUP("CP",$R$63:$T$91,3,FALSE),0)+IF(AND($X22<>"",$X22<>"--",$X22<>"O3/CP",$X$14=C$18),IF(LEFT($X22,1)="P",VLOOKUP(CONCATENATE(LEFT($X22,2),"H"),$R$63:$T$91,3,FALSE),VLOOKUP($X22,$R$63:$T$91,3,FALSE)))+IF(AND($X22<>"",$X22<>"O3/CP",$X$15=C$18,MID($X22,4,1)="2",$X$15<>$X$14),VLOOKUP(CONCATENATE(LEFT($X22,2),"L"),$R$63:$T$91,3,FALSE),0)+IF(AND($X22="O3/CP",$X$14=C$18),VLOOKUP("O3",$R$63:$T$91,3,FALSE)+VLOOKUP("CP",$R$63:$T$91,3,FALSE),0)+IF(AND($Y22<>"",$Y22<>"--",$Y22<>"O3/CP",$Y$14=C$18),IF(LEFT($Y22,1)="P",VLOOKUP(CONCATENATE(LEFT($Y22,2),"H"),$R$63:$T$91,3,FALSE),VLOOKUP($Y22,$R$63:$T$91,3,FALSE)))+IF(AND($Y22<>"",$Y22<>"O3/CP",$Y$15=C$18,MID($Y22,4,1)="2",$Y$15<>$Y$14),VLOOKUP(CONCATENATE(LEFT($Y22,2),"L"),$R$63:$T$91,3,FALSE),0)+IF(AND($Y22="O3/CP",$Y$14=C$18),VLOOKUP("O3",$R$63:$T$91,3,FALSE)+VLOOKUP("CP",$R$63:$T$91,3,FALSE),0)+IF(AND($K$6="CE",'[3]Supply Attribution'!$G$20=C$18),LEFT($S$90,2),0)+IF(AND($X$86<>"Not Set",$X$87=C$18),$X$86,0) -> 12 | D22: =IF(AND($K22<>"",$K22<>"--",$K22<>"O3/CP",$K$14=D$18),IF(LEFT($K22,1)="P",VLOOKUP(CONCATENATE(LEFT($K22,2),"H"),$R$63:$T$91,3,FALSE),VLOOKUP($K22,$R$63:$T$91,3,FALSE)))+IF(AND($K22<>"",$K22<>"O3/CP",$K$15=D$18,MID($K22,4,1)="2",$K$15<>$K$14),VLOOKUP(CONCATENATE(LEFT($K22,2),"L"),$R$63:$T$91,3,FALSE),0)+IF(AND($K22="O3/CP",$K$14=D$18),VLOOKUP("O3",$R$63:$T$91,3,FALSE)+VLOOKUP("CP",$R$63:$T$91,3,FALSE),0)+IF(AND($L22<>"",$L22<>"--",$L22<>"O3/CP",$L$14=D$18),IF(LEFT($L22,1)="P",VLOOKUP(CONCATENATE(LEFT($L22,2),"H"),$R$63:$T$91,3,FALSE),VLOOKUP($L22,$R$63:$T$91,3,FALSE)))+IF(AND($L22<>"",$L22<>"O3/CP",$L$15=D$18,MID($L22,4,1)="2",$L$15<>$L$14),VLOOKUP(CONCATENATE(LEFT($L22,2),"L"),$R$63:$T$91,3,FALSE),0)+IF(AND($L22="O3/CP",$L$14=D$18),VLOOKUP("O3",$R$63:$T$91,3,FALSE)+VLOOKUP("CP",$R$63:$T$91,3,FALSE),0)+IF(AND($M22<>"",$M22<>"--",$M22<>"O3/CP",$M$14=D$18),IF(LEFT($M22,1)="P",VLOOKUP(CONCATENATE(LEFT($M22,2),"H"),$R$63:$T$91,3,FALSE),VLOOKUP($M22,$R$63:$T$91,3,FALSE)))+IF(AND($M22<>"",$M22<>"O3/CP",$M$15=D$18,MID($M22,4,1)="2",$M$15<>$M$14),VLOOKUP(CONCATENATE(LEFT($M22,2),"L"),$R$63:$T$91,3,FALSE),0)+IF(AND($M22="O3/CP",$M$14=D$18),VLOOKUP("O3",$R$63:$T$91,3,FALSE)+VLOOKUP("CP",$R$63:$T$91,3,FALSE),0)+IF(AND($N22<>"",$N22<>"--",$N22<>"O3/CP",$N$14=D$18),IF(LEFT($N22,1)="P",VLOOKUP(CONCATENATE(LEFT($N22,2),"H"),$R$63:$T$91,3,FALSE),VLOOKUP($N22,$R$63:$T$91,3,FALSE)))+IF(AND($N22<>"",$N22<>"O3/CP",$N$15=D$18,MID($N22,4,1)="2",$N$15<>$N$14),VLOOKUP(CONCATENATE(LEFT($N22,2),"L"),$R$63:$T$91,3,FALSE),0)+IF(AND($N22="O3/CP",$N$14=D$18),VLOOKUP("O3",$R$63:$T$91,3,FALSE)+VLOOKUP("CP",$R$63:$T$91,3,FALSE),0)+IF(AND($O22<>"",$O22<>"--",$O22<>"O3/CP",$O$14=D$18),IF(LEFT($O22,1)="P",VLOOKUP(CONCATENATE(LEFT($O22,2),"H"),$R$63:$T$91,3,FALSE),VLOOKUP($O22,$R$63:$T$91,3,FALSE)))+IF(AND($O22<>"",$O22<>"O3/CP",$O$15=D$18,MID($O22,4,1)="2",$O$15<>$O$14),VLOOKUP(CONCATENATE(LEFT($O22,2),"L"),$R$63:$T$91,3,FALSE),0)+IF(AND($O22="O3/CP",$O$14=D$18),VLOOKUP("O3",$R$63:$T$91,3,FALSE)+VLOOKUP("CP",$R$63:$T$91,3,FALSE),0)+IF(AND($P22<>"",$P22<>"--",$P22<>"O3/CP",$P$14=D$18),IF(LEFT($P22,1)="P",VLOOKUP(CONCATENATE(LEFT($P22,2),"H"),$R$63:$T$91,3,FALSE),VLOOKUP($P22,$R$63:$T$91,3,FALSE)))+IF(AND($P22<>"",$P22<>"O3/CP",$P$15=D$18,MID($P22,4,1)="2",$P$15<>$P$14),VLOOKUP(CONCATENATE(LEFT($P22,2),"L"),$R$63:$T$91,3,FALSE),0)+IF(AND($P22="O3/CP",$P$14=D$18),VLOOKUP("O3",$R$63:$T$91,3,FALSE)+VLOOKUP("CP",$R$63:$T$91,3,FALSE),0)+IF(AND($Q22<>"",$Q22<>"--",$Q22<>"O3/CP",$Q$14=D$18),IF(LEFT($Q22,1)="P",VLOOKUP(CONCATENATE(LEFT($Q22,2),"H"),$R$63:$T$91,3,FALSE),VLOOKUP($Q22,$R$63:$T$91,3,FALSE)))+IF(AND($Q22<>"",$Q22<>"O3/CP",$Q$15=D$18,MID($Q22,4,1)="2",$Q$15<>$Q$14),VLOOKUP(CONCATENATE(LEFT($Q22,2),"L"),$R$63:$T$91,3,FALSE),0)+IF(AND($Q22="O3/CP",$Q$14=D$18),VLOOKUP("O3",$R$63:$T$91,3,FALSE)+VLOOKUP("CP",$R$63:$T$91,3,FALSE),0)+IF(AND($R22<>"",$R22<>"--",$R22<>"O3/CP",$R$14=D$18),IF(LEFT($R22,1)="P",VLOOKUP(CONCATENATE(LEFT($R22,2),"H"),$R$63:$T$91,3,FALSE),VLOOKUP($R22,$R$63:$T$91,3,FALSE)))+IF(AND($R22<>"",$R22<>"O3/CP",$R$15=D$18,MID($R22,4,1)="2",$R$15<>$R$14),VLOOKUP(CONCATENATE(LEFT($R22,2),"L"),$R$63:$T$91,3,FALSE),0)+IF(AND($R22="O3/CP",$R$14=D$18),VLOOKUP("O3",$R$63:$T$91,3,FALSE)+VLOOKUP("CP",$R$63:$T$91,3,FALSE),0)+IF(AND($S22<>"",$S22<>"--",$S22<>"O3/CP",$S$14=D$18),IF(LEFT($S22,1)="P",VLOOKUP(CONCATENATE(LEFT($S22,2),"H"),$R$63:$T$91,3,FALSE),VLOOKUP($S22,$R$63:$T$91,3,FALSE)))+IF(AND($S22<>"",$S22<>"O3/CP",$S$15=D$18,MID($S22,4,1)="2",$S$15<>$S$14),VLOOKUP(CONCATENATE(LEFT($S22,2),"L"),$R$63:$T$91,3,FALSE),0)+IF(AND($S22="O3/CP",$S$14=D$18),VLOOKUP("O3",$R$63:$T$91,3,FALSE)+VLOOKUP("CP",$R$63:$T$91,3,FALSE),0)+IF(AND($T22<>"",$T22<>"--",$T22<>"O3/CP",$T$14=D$18),IF(LEFT($T22,1)="P",VLOOKUP(CONCATENATE(LEFT($T22,2),"H"),$R$63:$T$91,3,FALSE),VLOOKUP($T22,$R$63:$T$91,3,FALSE)))+IF(AND($T22<>"",$T22<>"O3/CP",$T$15=D$18,MID($T22,4,1)="2",$T$15<>$T$14),VLOOKUP(CONCATENATE(LEFT($T22,2),"L"),$R$63:$T$91,3,FALSE),0)+IF(AND($T22="O3/CP",$T$14=D$18),VLOOKUP("O3",$R$63:$T$91,3,FALSE)+VLOOKUP("CP",$R$63:$T$91,3,FALSE),0)+IF(AND($U22<>"",$U22<>"--",$U22<>"O3/CP",$U$14=D$18),IF(LEFT($U22,1)="P",VLOOKUP(CONCATENATE(LEFT($U22,2),"H"),$R$63:$T$91,3,FALSE),VLOOKUP($U22,$R$63:$T$91,3,FALSE)))+IF(AND($U22<>"",$U22<>"O3/CP",$U$15=D$18,MID($U22,4,1)="2",$U$15<>$U$14),VLOOKUP(CONCATENATE(LEFT($U22,2),"L"),$R$63:$T$91,3,FALSE),0)+IF(AND($U22="O3/CP",$T$14=D$18),VLOOKUP("O3",$R$63:$T$91,3,FALSE)+VLOOKUP("CP",$R$63:$T$91,3,FALSE),0)+IF(AND($V22<>"",$V22<>"--",$V22<>"O3/CP",$V$14=D$18),IF(LEFT($V22,1)="P",VLOOKUP(CONCATENATE(LEFT($V22,2),"H"),$R$63:$T$91,3,FALSE),VLOOKUP($V22,$R$63:$T$91,3,FALSE)))+IF(AND($V22<>"",$V22<>"O3/CP",$V$15=D$18,MID($V22,4,1)="2",$V$15<>$V$14),VLOOKUP(CONCATENATE(LEFT($V22,2),"L"),$R$63:$T$91,3,FALSE),0)+IF(AND($V22="O3/CP",$V$14=D$18),VLOOKUP("O3",$R$63:$T$91,3,FALSE)+VLOOKUP("CP",$R$63:$T$91,3,FALSE),0)+IF(AND($W22<>"",$W22<>"--",$W22<>"O3/CP",$W$14=D$18),IF(LEFT($W22,1)="P",VLOOKUP(CONCATENATE(LEFT($W22,2),"H"),$R$63:$T$91,3,FALSE),VLOOKUP($W22,$R$63:$T$91,3,FALSE)))+IF(AND($W22<>"",$W22<>"O3/CP",$W$15=D$18,MID($W22,4,1)="2",$W$15<>$W$14),VLOOKUP(CONCATENATE(LEFT($W22,2),"L"),$R$63:$T$91,3,FALSE),0)+IF(AND($W22="O3/CP",$W$14=D$18),VLOOKUP("O3",$R$63:$T$91,3,FALSE)+VLOOKUP("CP",$R$63:$T$91,3,FALSE),0)+IF(AND($X22<>"",$X22<>"--",$X22<>"O3/CP",$X$14=D$18),IF(LEFT($X22,1)="P",VLOOKUP(CONCATENATE(LEFT($X22,2),"H"),$R$63:$T$91,3,FALSE),VLOOKUP($X22,$R$63:$T$91,3,FALSE)))+IF(AND($X22<>"",$X22<>"O3/CP",$X$15=D$18,MID($X22,4,1)="2",$X$15<>$X$14),VLOOKUP(CONCATENATE(LEFT($X22,2),"L"),$R$63:$T$91,3,FALSE),0)+IF(AND($X22="O3/CP",$X$14=D$18),VLOOKUP("O3",$R$63:$T$91,3,FALSE)+VLOOKUP("CP",$R$63:$T$91,3,FALSE),0)+IF(AND($Y22<>"",$Y22<>"--",$Y22<>"O3/CP",$Y$14=D$18),IF(LEFT($Y22,1)="P",VLOOKUP(CONCATENATE(LEFT($Y22,2),"H"),$R$63:$T$91,3,FALSE),VLOOKUP($Y22,$R$63:$T$91,3,FALSE)))+IF(AND($Y22<>"",$Y22<>"O3/CP",$Y$15=D$18,MID($Y22,4,1)="2",$Y$15<>$Y$14),VLOOKUP(CONCATENATE(LEFT($Y22,2),"L"),$R$63:$T$91,3,FALSE),0)+IF(AND($Y22="O3/CP",$Y$14=D$18),VLOOKUP("O3",$R$63:$T$91,3,FALSE)+VLOOKUP("CP",$R$63:$T$91,3,FALSE),0)+IF(AND($K$6="CE",'[3]Supply Attribution'!$G$20=D$18),LEFT($S$90,2),0)+IF(AND($X$86<>"Not Set",$X$87=D$18),$X$86,0) -> 0 | E22: =IF(AND($K22<>"",$K22<>"--",$K22<>"O3/CP",$K$14=E$18),IF(LEFT($K22,1)="P",VLOOKUP(CONCATENATE(LEFT($K22,2),"H"),$R$63:$T$91,3,FALSE),VLOOKUP($K22,$R$63:$T$91,3,FALSE)))+IF(AND($K22<>"",$K22<>"O3/CP",$K$15=E$18,MID($K22,4,1)="2",$K$15<>$K$14),VLOOKUP(CONCATENATE(LEFT($K22,2),"L"),$R$63:$T$91,3,FALSE),0)+IF(AND($K22="O3/CP",$K$14=E$18),VLOOKUP("O3",$R$63:$T$91,3,FALSE)+VLOOKUP("CP",$R$63:$T$91,3,FALSE),0)+IF(AND($L22<>"",$L22<>"--",$L22<>"O3/CP",$L$14=E$18),IF(LEFT($L22,1)="P",VLOOKUP(CONCATENATE(LEFT($L22,2),"H"),$R$63:$T$91,3,FALSE),VLOOKUP($L22,$R$63:$T$91,3,FALSE)))+IF(AND($L22<>"",$L22<>"O3/CP",$L$15=E$18,MID($L22,4,1)="2",$L$15<>$L$14),VLOOKUP(CONCATENATE(LEFT($L22,2),"L"),$R$63:$T$91,3,FALSE),0)+IF(AND($L22="O3/CP",$L$14=E$18),VLOOKUP("O3",$R$63:$T$91,3,FALSE)+VLOOKUP("CP",$R$63:$T$91,3,FALSE),0)+IF(AND($M22<>"",$M22<>"--",$M22<>"O3/CP",$M$14=E$18),IF(LEFT($M22,1)="P",VLOOKUP(CONCATENATE(LEFT($M22,2),"H"),$R$63:$T$91,3,FALSE),VLOOKUP($M22,$R$63:$T$91,3,FALSE)))+IF(AND($M22<>"",$M22<>"O3/CP",$M$15=E$18,MID($M22,4,1)="2",$M$15<>$M$14),VLOOKUP(CONCATENATE(LEFT($M22,2),"L"),$R$63:$T$91,3,FALSE),0)+IF(AND($M22="O3/CP",$M$14=E$18),VLOOKUP("O3",$R$63:$T$91,3,FALSE)+VLOOKUP("CP",$R$63:$T$91,3,FALSE),0)+IF(AND($N22<>"",$N22<>"--",$N22<>"O3/CP",$N$14=E$18),IF(LEFT($N22,1)="P",VLOOKUP(CONCATENATE(LEFT($N22,2),"H"),$R$63:$T$91,3,FALSE),VLOOKUP($N22,$R$63:$T$91,3,FALSE)))+IF(AND($N22<>"",$N22<>"O3/CP",$N$15=E$18,MID($N22,4,1)="2",$N$15<>$N$14),VLOOKUP(CONCATENATE(LEFT($N22,2),"L"),$R$63:$T$91,3,FALSE),0)+IF(AND($N22="O3/CP",$N$14=E$18),VLOOKUP("O3",$R$63:$T$91,3,FALSE)+VLOOKUP("CP",$R$63:$T$91,3,FALSE),0)+IF(AND($O22<>"",$O22<>"--",$O22<>"O3/CP",$O$14=E$18),IF(LEFT($O22,1)="P",VLOOKUP(CONCATENATE(LEFT($O22,2),"H"),$R$63:$T$91,3,FALSE),VLOOKUP($O22,$R$63:$T$91,3,FALSE)))+IF(AND($O22<>"",$O22<>"O3/CP",$O$15=E$18,MID($O22,4,1)="2",$O$15<>$O$14),VLOOKUP(CONCATENATE(LEFT($O22,2),"L"),$R$63:$T$91,3,FALSE),0)+IF(AND($O22="O3/CP",$O$14=E$18),VLOOKUP("O3",$R$63:$T$91,3,FALSE)+VLOOKUP("CP",$R$63:$T$91,3,FALSE),0)+IF(AND($P22<>"",$P22<>"--",$P22<>"O3/CP",$P$14=E$18),IF(LEFT($P22,1)="P",VLOOKUP(CONCATENATE(LEFT($P22,2),"H"),$R$63:$T$91,3,FALSE),VLOOKUP($P22,$R$63:$T$91,3,FALSE)))+IF(AND($P22<>"",$P22<>"O3/CP",$P$15=E$18,MID($P22,4,1)="2",$P$15<>$P$14),VLOOKUP(CONCATENATE(LEFT($P22,2),"L"),$R$63:$T$91,3,FALSE),0)+IF(AND($P22="O3/CP",$P$14=E$18),VLOOKUP("O3",$R$63:$T$91,3,FALSE)+VLOOKUP("CP",$R$63:$T$91,3,FALSE),0)+IF(AND($Q22<>"",$Q22<>"--",$Q22<>"O3/CP",$Q$14=E$18),IF(LEFT($Q22,1)="P",VLOOKUP(CONCATENATE(LEFT($Q22,2),"H"),$R$63:$T$91,3,FALSE),VLOOKUP($Q22,$R$63:$T$91,3,FALSE)))+IF(AND($Q22<>"",$Q22<>"O3/CP",$Q$15=E$18,MID($Q22,4,1)="2",$Q$15<>$Q$14),VLOOKUP(CONCATENATE(LEFT($Q22,2),"L"),$R$63:$T$91,3,FALSE),0)+IF(AND($Q22="O3/CP",$Q$14=E$18),VLOOKUP("O3",$R$63:$T$91,3,FALSE)+VLOOKUP("CP",$R$63:$T$91,3,FALSE),0)+IF(AND($R22<>"",$R22<>"--",$R22<>"O3/CP",$R$14=E$18),IF(LEFT($R22,1)="P",VLOOKUP(CONCATENATE(LEFT($R22,2),"H"),$R$63:$T$91,3,FALSE),VLOOKUP($R22,$R$63:$T$91,3,FALSE)))+IF(AND($R22<>"",$R22<>"O3/CP",$R$15=E$18,MID($R22,4,1)="2",$R$15<>$R$14),VLOOKUP(CONCATENATE(LEFT($R22,2),"L"),$R$63:$T$91,3,FALSE),0)+IF(AND($R22="O3/CP",$R$14=E$18),VLOOKUP("O3",$R$63:$T$91,3,FALSE)+VLOOKUP("CP",$R$63:$T$91,3,FALSE),0)+IF(AND($S22<>"",$S22<>"--",$S22<>"O3/CP",$S$14=E$18),IF(LEFT($S22,1)="P",VLOOKUP(CONCATENATE(LEFT($S22,2),"H"),$R$63:$T$91,3,FALSE),VLOOKUP($S22,$R$63:$T$91,3,FALSE)))+IF(AND($S22<>"",$S22<>"O3/CP",$S$15=E$18,MID($S22,4,1)="2",$S$15<>$S$14),VLOOKUP(CONCATENATE(LEFT($S22,2),"L"),$R$63:$T$91,3,FALSE),0)+IF(AND($S22="O3/CP",$S$14=E$18),VLOOKUP("O3",$R$63:$T$91,3,FALSE)+VLOOKUP("CP",$R$63:$T$91,3,FALSE),0)+IF(AND($T22<>"",$T22<>"--",$T22<>"O3/CP",$T$14=E$18),IF(LEFT($T22,1)="P",VLOOKUP(CONCATENATE(LEFT($T22,2),"H"),$R$63:$T$91,3,FALSE),VLOOKUP($T22,$R$63:$T$91,3,FALSE)))+IF(AND($T22<>"",$T22<>"O3/CP",$T$15=E$18,MID($T22,4,1)="2",$T$15<>$T$14),VLOOKUP(CONCATENATE(LEFT($T22,2),"L"),$R$63:$T$91,3,FALSE),0)+IF(AND($T22="O3/CP",$T$14=E$18),VLOOKUP("O3",$R$63:$T$91,3,FALSE)+VLOOKUP("CP",$R$63:$T$91,3,FALSE),0)+IF(AND($U22<>"",$U22<>"--",$U22<>"O3/CP",$U$14=E$18),IF(LEFT($U22,1)="P",VLOOKUP(CONCATENATE(LEFT($U22,2),"H"),$R$63:$T$91,3,FALSE),VLOOKUP($U22,$R$63:$T$91,3,FALSE)))+IF(AND($U22<>"",$U22<>"O3/CP",$U$15=E$18,MID($U22,4,1)="2",$U$15<>$U$14),VLOOKUP(CONCATENATE(LEFT($U22,2),"L"),$R$63:$T$91,3,FALSE),0)+IF(AND($U22="O3/CP",$T$14=E$18),VLOOKUP("O3",$R$63:$T$91,3,FALSE)+VLOOKUP("CP",$R$63:$T$91,3,FALSE),0)+IF(AND($V22<>"",$V22<>"--",$V22<>"O3/CP",$V$14=E$18),IF(LEFT($V22,1)="P",VLOOKUP(CONCATENATE(LEFT($V22,2),"H"),$R$63:$T$91,3,FALSE),VLOOKUP($V22,$R$63:$T$91,3,FALSE)))+IF(AND($V22<>"",$V22<>"O3/CP",$V$15=E$18,MID($V22,4,1)="2",$V$15<>$V$14),VLOOKUP(CONCATENATE(LEFT($V22,2),"L"),$R$63:$T$91,3,FALSE),0)+IF(AND($V22="O3/CP",$V$14=E$18),VLOOKUP("O3",$R$63:$T$91,3,FALSE)+VLOOKUP("CP",$R$63:$T$91,3,FALSE),0)+IF(AND($W22<>"",$W22<>"--",$W22<>"O3/CP",$W$14=E$18),IF(LEFT($W22,1)="P",VLOOKUP(CONCATENATE(LEFT($W22,2),"H"),$R$63:$T$91,3,FALSE),VLOOKUP($W22,$R$63:$T$91,3,FALSE)))+IF(AND($W22<>"",$W22<>"O3/CP",$W$15=E$18,MID($W22,4,1)="2",$W$15<>$W$14),VLOOKUP(CONCATENATE(LEFT($W22,2),"L"),$R$63:$T$91,3,FALSE),0)+IF(AND($W22="O3/CP",$W$14=E$18),VLOOKUP("O3",$R$63:$T$91,3,FALSE)+VLOOKUP("CP",$R$63:$T$91,3,FALSE),0)+IF(AND($X22<>"",$X22<>"--",$X22<>"O3/CP",$X$14=E$18),IF(LEFT($X22,1)="P",VLOOKUP(CONCATENATE(LEFT($X22,2),"H"),$R$63:$T$91,3,FALSE),VLOOKUP($X22,$R$63:$T$91,3,FALSE)))+IF(AND($X22<>"",$X22<>"O3/CP",$X$15=E$18,MID($X22,4,1)="2",$X$15<>$X$14),VLOOKUP(CONCATENATE(LEFT($X22,2),"L"),$R$63:$T$91,3,FALSE),0)+IF(AND($X22="O3/CP",$X$14=E$18),VLOOKUP("O3",$R$63:$T$91,3,FALSE)+VLOOKUP("CP",$R$63:$T$91,3,FALSE),0)+IF(AND($Y22<>"",$Y22<>"--",$Y22<>"O3/CP",$Y$14=E$18),IF(LEFT($Y22,1)="P",VLOOKUP(CONCATENATE(LEFT($Y22,2),"H"),$R$63:$T$91,3,FALSE),VLOOKUP($Y22,$R$63:$T$91,3,FALSE)))+IF(AND($Y22<>"",$Y22<>"O3/CP",$Y$15=E$18,MID($Y22,4,1)="2",$Y$15<>$Y$14),VLOOKUP(CONCATENATE(LEFT($Y22,2),"L"),$R$63:$T$91,3,FALSE),0)+IF(AND($Y22="O3/CP",$Y$14=E$18),VLOOKUP("O3",$R$63:$T$91,3,FALSE)+VLOOKUP("CP",$R$63:$T$91,3,FALSE),0)+IF(AND($K$6="CE",'[3]Supply Attribution'!$G$20=E$18),LEFT($S$90,2),0)+IF(AND($X$86<>"Not Set",$X$87=E$18),$X$86,0) -> 0 | F22: =IF(AND($K22<>"",$K22<>"--",$K22<>"O3/CP",$K$14=F$18),IF(LEFT($K22,1)="P",VLOOKUP(CONCATENATE(LEFT($K22,2),"H"),$R$63:$T$91,3,FALSE),VLOOKUP($K22,$R$63:$T$91,3,FALSE)))+IF(AND($K22<>"",$K22<>"O3/CP",$K$15=F$18,MID($K22,4,1)="2",$K$15<>$K$14),VLOOKUP(CONCATENATE(LEFT($K22,2),"L"),$R$63:$T$91,3,FALSE),0)+IF(AND($K22="O3/CP",$K$14=F$18),VLOOKUP("O3",$R$63:$T$91,3,FALSE)+VLOOKUP("CP",$R$63:$T$91,3,FALSE),0)+IF(AND($L22<>"",$L22<>"--",$L22<>"O3/CP",$L$14=F$18),IF(LEFT($L22,1)="P",VLOOKUP(CONCATENATE(LEFT($L22,2),"H"),$R$63:$T$91,3,FALSE),VLOOKUP($L22,$R$63:$T$91,3,FALSE)))+IF(AND($L22<>"",$L22<>"O3/CP",$L$15=F$18,MID($L22,4,1)="2",$L$15<>$L$14),VLOOKUP(CONCATENATE(LEFT($L22,2),"L"),$R$63:$T$91,3,FALSE),0)+IF(AND($L22="O3/CP",$L$14=F$18),VLOOKUP("O3",$R$63:$T$91,3,FALSE)+VLOOKUP("CP",$R$63:$T$91,3,FALSE),0)+IF(AND($M22<>"",$M22<>"--",$M22<>"O3/CP",$M$14=F$18),IF(LEFT($M22,1)="P",VLOOKUP(CONCATENATE(LEFT($M22,2),"H"),$R$63:$T$91,3,FALSE),VLOOKUP($M22,$R$63:$T$91,3,FALSE)))+IF(AND($M22<>"",$M22<>"O3/CP",$M$15=F$18,MID($M22,4,1)="2",$M$15<>$M$14),VLOOKUP(CONCATENATE(LEFT($M22,2),"L"),$R$63:$T$91,3,FALSE),0)+IF(AND($M22="O3/CP",$M$14=F$18),VLOOKUP("O3",$R$63:$T$91,3,FALSE)+VLOOKUP("CP",$R$63:$T$91,3,FALSE),0)+IF(AND($N22<>"",$N22<>"--",$N22<>"O3/CP",$N$14=F$18),IF(LEFT($N22,1)="P",VLOOKUP(CONCATENATE(LEFT($N22,2),"H"),$R$63:$T$91,3,FALSE),VLOOKUP($N22,$R$63:$T$91,3,FALSE)))+IF(AND($N22<>"",$N22<>"O3/CP",$N$15=F$18,MID($N22,4,1)="2",$N$15<>$N$14),VLOOKUP(CONCATENATE(LEFT($N22,2),"L"),$R$63:$T$91,3,FALSE),0)+IF(AND($N22="O3/CP",$N$14=F$18),VLOOKUP("O3",$R$63:$T$91,3,FALSE)+VLOOKUP("CP",$R$63:$T$91,3,FALSE),0)+IF(AND($O22<>"",$O22<>"--",$O22<>"O3/CP",$O$14=F$18),IF(LEFT($O22,1)="P",VLOOKUP(CONCATENATE(LEFT($O22,2),"H"),$R$63:$T$91,3,FALSE),VLOOKUP($O22,$R$63:$T$91,3,FALSE)))+IF(AND($O22<>"",$O22<>"O3/CP",$O$15=F$18,MID($O22,4,1)="2",$O$15<>$O$14),VLOOKUP(CONCATENATE(LEFT($O22,2),"L"),$R$63:$T$91,3,FALSE),0)+IF(AND($O22="O3/CP",$O$14=F$18),VLOOKUP("O3",$R$63:$T$91,3,FALSE)+VLOOKUP("CP",$R$63:$T$91,3,FALSE),0)+IF(AND($P22<>"",$P22<>"--",$P22<>"O3/CP",$P$14=F$18),IF(LEFT($P22,1)="P",VLOOKUP(CONCATENATE(LEFT($P22,2),"H"),$R$63:$T$91,3,FALSE),VLOOKUP($P22,$R$63:$T$91,3,FALSE)))+IF(AND($P22<>"",$P22<>"O3/CP",$P$15=F$18,MID($P22,4,1)="2",$P$15<>$P$14),VLOOKUP(CONCATENATE(LEFT($P22,2),"L"),$R$63:$T$91,3,FALSE),0)+IF(AND($P22="O3/CP",$P$14=F$18),VLOOKUP("O3",$R$63:$T$91,3,FALSE)+VLOOKUP("CP",$R$63:$T$91,3,FALSE),0)+IF(AND($Q22<>"",$Q22<>"--",$Q22<>"O3/CP",$Q$14=F$18),IF(LEFT($Q22,1)="P",VLOOKUP(CONCATENATE(LEFT($Q22,2),"H"),$R$63:$T$91,3,FALSE),VLOOKUP($Q22,$R$63:$T$91,3,FALSE)))+IF(AND($Q22<>"",$Q22<>"O3/CP",$Q$15=F$18,MID($Q22,4,1)="2",$Q$15<>$Q$14),VLOOKUP(CONCATENATE(LEFT($Q22,2),"L"),$R$63:$T$91,3,FALSE),0)+IF(AND($Q22="O3/CP",$Q$14=F$18),VLOOKUP("O3",$R$63:$T$91,3,FALSE)+VLOOKUP("CP",$R$63:$T$91,3,FALSE),0)+IF(AND($R22<>"",$R22<>"--",$R22<>"O3/CP",$R$14=F$18),IF(LEFT($R22,1)="P",VLOOKUP(CONCATENATE(LEFT($R22,2),"H"),$R$63:$T$91,3,FALSE),VLOOKUP($R22,$R$63:$T$91,3,FALSE)))+IF(AND($R22<>"",$R22<>"O3/CP",$R$15=F$18,MID($R22,4,1)="2",$R$15<>$R$14),VLOOKUP(CONCATENATE(LEFT($R22,2),"L"),$R$63:$T$91,3,FALSE),0)+IF(AND($R22="O3/CP",$R$14=F$18),VLOOKUP("O3",$R$63:$T$91,3,FALSE)+VLOOKUP("CP",$R$63:$T$91,3,FALSE),0)+IF(AND($S22<>"",$S22<>"--",$S22<>"O3/CP",$S$14=F$18),IF(LEFT($S22,1)="P",VLOOKUP(CONCATENATE(LEFT($S22,2),"H"),$R$63:$T$91,3,FALSE),VLOOKUP($S22,$R$63:$T$91,3,FALSE)))+IF(AND($S22<>"",$S22<>"O3/CP",$S$15=F$18,MID($S22,4,1)="2",$S$15<>$S$14),VLOOKUP(CONCATENATE(LEFT($S22,2),"L"),$R$63:$T$91,3,FALSE),0)+IF(AND($S22="O3/CP",$S$14=F$18),VLOOKUP("O3",$R$63:$T$91,3,FALSE)+VLOOKUP("CP",$R$63:$T$91,3,FALSE),0)+IF(AND($T22<>"",$T22<>"--",$T22<>"O3/CP",$T$14=F$18),IF(LEFT($T22,1)="P",VLOOKUP(CONCATENATE(LEFT($T22,2),"H"),$R$63:$T$91,3,FALSE),VLOOKUP($T22,$R$63:$T$91,3,FALSE)))+IF(AND($T22<>"",$T22<>"O3/CP",$T$15=F$18,MID($T22,4,1)="2",$T$15<>$T$14),VLOOKUP(CONCATENATE(LEFT($T22,2),"L"),$R$63:$T$91,3,FALSE),0)+IF(AND($T22="O3/CP",$T$14=F$18),VLOOKUP("O3",$R$63:$T$91,3,FALSE)+VLOOKUP("CP",$R$63:$T$91,3,FALSE),0)+IF(AND($U22<>"",$U22<>"--",$U22<>"O3/CP",$U$14=F$18),IF(LEFT($U22,1)="P",VLOOKUP(CONCATENATE(LEFT($U22,2),"H"),$R$63:$T$91,3,FALSE),VLOOKUP($U22,$R$63:$T$91,3,FALSE)))+IF(AND($U22<>"",$U22<>"O3/CP",$U$15=F$18,MID($U22,4,1)="2",$U$15<>$U$14),VLOOKUP(CONCATENATE(LEFT($U22,2),"L"),$R$63:$T$91,3,FALSE),0)+IF(AND($U22="O3/CP",$T$14=F$18),VLOOKUP("O3",$R$63:$T$91,3,FALSE)+VLOOKUP("CP",$R$63:$T$91,3,FALSE),0)+IF(AND($V22<>"",$V22<>"--",$V22<>"O3/CP",$V$14=F$18),IF(LEFT($V22,1)="P",VLOOKUP(CONCATENATE(LEFT($V22,2),"H"),$R$63:$T$91,3,FALSE),VLOOKUP($V22,$R$63:$T$91,3,FALSE)))+IF(AND($V22<>"",$V22<>"O3/CP",$V$15=F$18,MID($V22,4,1)="2",$V$15<>$V$14),VLOOKUP(CONCATENATE(LEFT($V22,2),"L"),$R$63:$T$91,3,FALSE),0)+IF(AND($V22="O3/CP",$V$14=F$18),VLOOKUP("O3",$R$63:$T$91,3,FALSE)+VLOOKUP("CP",$R$63:$T$91,3,FALSE),0)+IF(AND($W22<>"",$W22<>"--",$W22<>"O3/CP",$W$14=F$18),IF(LEFT($W22,1)="P",VLOOKUP(CONCATENATE(LEFT($W22,2),"H"),$R$63:$T$91,3,FALSE),VLOOKUP($W22,$R$63:$T$91,3,FALSE)))+IF(AND($W22<>"",$W22<>"O3/CP",$W$15=F$18,MID($W22,4,1)="2",$W$15<>$W$14),VLOOKUP(CONCATENATE(LEFT($W22,2),"L"),$R$63:$T$91,3,FALSE),0)+IF(AND($W22="O3/CP",$W$14=F$18),VLOOKUP("O3",$R$63:$T$91,3,FALSE)+VLOOKUP("CP",$R$63:$T$91,3,FALSE),0)+IF(AND($X22<>"",$X22<>"--",$X22<>"O3/CP",$X$14=F$18),IF(LEFT($X22,1)="P",VLOOKUP(CONCATENATE(LEFT($X22,2),"H"),$R$63:$T$91,3,FALSE),VLOOKUP($X22,$R$63:$T$91,3,FALSE)))+IF(AND($X22<>"",$X22<>"O3/CP",$X$15=F$18,MID($X22,4,1)="2",$X$15<>$X$14),VLOOKUP(CONCATENATE(LEFT($X22,2),"L"),$R$63:$T$91,3,FALSE),0)+IF(AND($X22="O3/CP",$X$14=F$18),VLOOKUP("O3",$R$63:$T$91,3,FALSE)+VLOOKUP("CP",$R$63:$T$91,3,FALSE),0)+IF(AND($Y22<>"",$Y22<>"--",$Y22<>"O3/CP",$Y$14=F$18),IF(LEFT($Y22,1)="P",VLOOKUP(CONCATENATE(LEFT($Y22,2),"H"),$R$63:$T$91,3,FALSE),VLOOKUP($Y22,$R$63:$T$91,3,FALSE)))+IF(AND($Y22<>"",$Y22<>"O3/CP",$Y$15=F$18,MID($Y22,4,1)="2",$Y$15<>$Y$14),VLOOKUP(CONCATENATE(LEFT($Y22,2),"L"),$R$63:$T$91,3,FALSE),0)+IF(AND($Y22="O3/CP",$Y$14=F$18),VLOOKUP("O3",$R$63:$T$91,3,FALSE)+VLOOKUP("CP",$R$63:$T$91,3,FALSE),0)+IF(AND($K$6="CE",'[3]Supply Attribution'!$G$20=F$18),LEFT($S$90,2),0)+IF(AND($X$86<>"Not Set",$X$87=F$18),$X$86,0) -> 0 | G22: =IF(AND($K$6="CE",$T$59="1 Phase"),SUM(A22:F22)-IF(AND($K$14<>$K$15,RIGHT($K22,3)="2SP"),VLOOKUP(CONCATENATE(LEFT($K22,2),"L"),$R$63:$T$90,3,FALSE),0)-IF(AND($L$14<>$L$15,RIGHT($L22,3)="2SP"),VLOOKUP(CONCATENATE(LEFT($L22,2),"L"),$R$63:$T$90,3,FALSE),0)-IF(AND($M$14<>$M$15,RIGHT($M22,3)="2SP"),VLOOKUP(CONCATENATE(LEFT($M22,2),"L"),$R$63:$T$90,3,FALSE),0)-IF(AND($N$14<>$N$15,RIGHT($N22,3)="2SP"),VLOOKUP(CONCATENATE(LEFT($N22,2),"L"),$R$63:$T$90,3,FALSE),0)-IF(AND($O$14<>$O$15,RIGHT($O22,3)="2SP"),VLOOKUP(CONCATENATE(LEFT($O22,2),"L"),$R$63:$T$90,3,FALSE),0)-IF(AND($P$14<>$P$15,RIGHT($P22,3)="2SP"),VLOOKUP(CONCATENATE(LEFT($P22,2),"L"),$R$63:$T$90,3,FALSE),0)-IF(AND($Q$14<>$Q$15,RIGHT($Q22,3)="2SP"),VLOOKUP(CONCATENATE(LEFT($Q22,2),"L"),$R$63:$T$90,3,FALSE),0)-IF(AND($R$14<>$R$15,RIGHT($T22,3)="2SP"),VLOOKUP(CONCATENATE(LEFT($R22,2),"L"),$R$63:$T$90,3,FALSE),0)-IF(AND($S$14<>$S$15,RIGHT($T22,3)="2SP"),VLOOKUP(CONCATENATE(LEFT($S22,2),"L"),$R$63:$T$90,3,FALSE),0)-IF(AND($T$14<>$T$15,RIGHT($T22,3)="2SP"),VLOOKUP(CONCATENATE(LEFT($T22,2),"L"),$R$63:$T$90,3,FALSE),0)-IF(AND($U$14<>$U$15,RIGHT($U22,3)="2SP"),VLOOKUP(CONCATENATE(LEFT($U22,2),"L"),$R$63:$T$90,3,FALSE),0)-IF(AND($V$14<>$V$15,RIGHT($V22,3)="2SP"),VLOOKUP(CONCATENATE(LEFT($V22,2),"L"),$R$63:$T$90,3,FALSE),0)-IF(AND($W$14<>$W$15,RIGHT($W22,3)="2SP"),VLOOKUP(CONCATENATE(LEFT($W22,2),"L"),$R$63:$T$90,3,FALSE),0)-IF(AND($X$14<>$X$15,RIGHT($X22,3)="2SP"),VLOOKUP(CONCATENATE(LEFT($X22,2),"L"),$R$63:$T$90,3,FALSE),0)-IF(AND($Y$14<>$Y$15,RIGHT($Y22,3)="2SP"),VLOOKUP(CONCATENATE(LEFT($Y22,2),"L"),$R$63:$T$90,3,FALSE),0),IF(VLOOKUP(CONCATENATE($A$18,"Line"),'[3]Supply Attribution'!$F$31:$G$37,2,FALSE)=G$18,$A22,0)+IF(VLOOKUP(CONCATENATE($B$18,"Line"),'[3]Supply Attribution'!$F$31:$G$37,2,FALSE)=G$18,$B22,0)+IF(VLOOKUP(CONCATENATE($C$18,"Line"),'[3]Supply Attribution'!$F$31:$G$37,2,FALSE)=G$18,$C22,0)+IF(VLOOKUP(CONCATENATE($D$18,"Line"),'[3]Supply Attribution'!$F$31:$G$37,2,FALSE)=G$18,$D22,0)+IF(VLOOKUP(CONCATENATE($E$18,"Line"),'[3]Supply Attribution'!$F$31:$G$37,2,FALSE)=G$18,$E22,0)+IF(VLOOKUP(CONCATENATE($F$18,"Line"),'[3]Supply Attribution'!$F$31:$G$37,2,FALSE)=G$18,$F22,0)+IF($K$6="UL",LEFT($S$90,2),0)-IF(AND($K$16=G$18,$K$14<>$K$15,$K$16=$K$17,RIGHT($K22,3)="2SP"),VLOOKUP(CONCATENATE(LEFT($K22,2),"L"),$R$63:$T$90,3,FALSE),0)-IF(AND($L$16=G$18,$L$14<>$L$15,$L$16=$L$17,RIGHT($L22,3)="2SP"),VLOOKUP(CONCATENATE(LEFT($L22,2),"L"),$R$63:$T$90,3,FALSE),0)-IF(AND($M$16=G$18,$M$14<>$M$15,$M$16=$M$17,RIGHT($M22,3)="2SP"),VLOOKUP(CONCATENATE(LEFT($M22,2),"L"),$R$63:$T$90,3,FALSE),0)-IF(AND($N$16=G$18,$N$14<>$N$15,$N$16=$N$17,RIGHT($N22,3)="2SP"),VLOOKUP(CONCATENATE(LEFT($N22,2),"L"),$R$63:$T$90,3,FALSE),0)-IF(AND($O$16=G$18,$O$14<>$O$15,$O$16=$O$17,RIGHT($O22,3)="2SP"),VLOOKUP(CONCATENATE(LEFT($O22,2),"L"),$R$63:$T$90,3,FALSE),0)-IF(AND($P$16=G$18,$P$14<>$P$15,$P$16=$P$17,RIGHT($P22,3)="2SP"),VLOOKUP(CONCATENATE(LEFT($P22,2),"L"),$R$63:$T$90,3,FALSE),0)-IF(AND($Q$16=G$18,$Q$14<>$Q$15,$Q$16=$Q$17,RIGHT($Q22,3)="2SP"),VLOOKUP(CONCATENATE(LEFT($Q22,2),"L"),$R$63:$T$90,3,FALSE),0)-IF(AND($R$16=G$18,$R$14<>$R$15,$R$16=$R$17,RIGHT($R22,3)="2SP"),VLOOKUP(CONCATENATE(LEFT($R22,2),"L"),$R$63:$T$90,3,FALSE),0)-IF(AND($S$16=G$18,$S$14<>$S$15,$S$16=$S$17,RIGHT($S22,3)="2SP"),VLOOKUP(CONCATENATE(LEFT($S22,2),"L"),$R$63:$T$90,3,FALSE),0)-IF(AND($T$16=G$18,$T$14<>$T$15,$T$16=$T$17,RIGHT($T22,3)="2SP"),VLOOKUP(CONCATENATE(LEFT($T22,2),"L"),$R$63:$T$90,3,FALSE),0)-IF(AND($U$16=G$18,$U$14<>$U$15,$U$16=$U$17,RIGHT($U22,3)="2SP"),VLOOKUP(CONCATENATE(LEFT($U22,2),"L"),$R$63:$T$90,3,FALSE),0)-IF(AND($V$16=G$18,$V$14<>$V$15,$V$16=$V$17,RIGHT($V22,3)="2SP"),VLOOKUP(CONCATENATE(LEFT($V22,2),"L"),$R$63:$T$90,3,FALSE),0)-IF(AND($W$16=G$18,$W$14<>$W$15,$W$16=$W$17,RIGHT($W22,3)="2SP"),VLOOKUP(CONCATENATE(LEFT($W22,2),"L"),$R$63:$T$90,3,FALSE),0)-IF(AND($X$16=G$18,$X$14<>$X$15,$X$16=$X$17,RIGHT($X22,3)="2SP"),VLOOKUP(CONCATENATE(LEFT($X22,2),"L"),$R$63:$T$90,3,FALSE),0)-IF(AND($Y$16=G$18,$Y$14<>$Y$15,$Y$16=$Y$17,RIGHT($Y22,3)="2SP"),VLOOKUP(CONCATENATE(LEFT($Y22,2),"L"),$R$63:$T$90,3,FALSE),0)) -> 43 | H22: =IF(H$18<>"",IF(VLOOKUP(CONCATENATE($A$18,"Line"),'Supply Attribution'!$F$31:$G$37,2,FALSE)=H$18,$A22,0)+IF(VLOOKUP(CONCATENATE($B$18,"Line"),'Supply Attribution'!$F$31:$G$37,2,FALSE)=H$18,$B22,0)+IF(VLOOKUP(CONCATENATE($C$18,"Line"),'Supply Attribution'!$F$31:$G$37,2,FALSE)=H$18,$C22,0)+IF(VLOOKUP(CONCATENATE($D$18,"Line"),'Supply Attribution'!$F$31:$G$37,2,FALSE)=H$18,$D22,0)+IF(VLOOKUP(CONCATENATE($E$18,"Line"),'Supply Attribution'!$F$31:$G$37,2,FALSE)=H$18,$E22,0)+IF(VLOOKUP(CONCATENATE($F$18,"Line"),'Supply Attribution'!$F$31:$G$37,2,FALSE)=H$18,$F22,0)+IF($K$6="UL",LEFT($S$90,2),0)-IF(AND($K$16=H$18,$K$14<>$K$15,$K$16=$K$17,RIGHT($K22,3)="2SP"),VLOOKUP(CONCATENATE(LEFT($K22,2),"L"),$R$63:$T$90,3,FALSE),0)-IF(AND($L$16=H$18,$L$14<>$L$15,$L$16=$L$17,RIGHT($L22,3)="2SP"),VLOOKUP(CONCATENATE(LEFT($L22,2),"L"),$R$63:$T$90,3,FALSE),0)-IF(AND($M$16=H$18,$M$14<>$M$15,$M$16=$M$17,RIGHT($M22,3)="2SP"),VLOOKUP(CONCATENATE(LEFT($M22,2),"L"),$R$63:$T$90,3,FALSE),0)-IF(AND($N$16=H$18,$N$14<>$N$15,$N$16=$N$17,RIGHT($N22,3)="2SP"),VLOOKUP(CONCATENATE(LEFT($N22,2),"L"),$R$63:$T$90,3,FALSE),0)-IF(AND($O$16=H$18,$O$14<>$O$15,$O$16=$O$17,RIGHT($O22,3)="2SP"),VLOOKUP(CONCATENATE(LEFT($O22,2),"L"),$R$63:$T$90,3,FALSE),0)-IF(AND($P$16=H$18,$P$14<>$P$15,$P$16=$P$17,RIGHT($P22,3)="2SP"),VLOOKUP(CONCATENATE(LEFT($P22,2),"L"),$R$63:$T$90,3,FALSE),0)-IF(AND($Q$16=H$18,$Q$14<>$Q$15,$Q$16=$Q$17,RIGHT($Q22,3)="2SP"),VLOOKUP(CONCATENATE(LEFT($Q22,2),"L"),$R$63:$T$90,3,FALSE),0)-IF(AND($T$16=H$18,$T$14<>$T$15,$T$16=$T$17,RIGHT($T22,3)="2SP"),VLOOKUP(CONCATENATE(LEFT($T22,2),"L"),$R$63:$T$90,3,FALSE),0)-IF(AND($U$16=H$18,$U$14<>$U$15,$U$16=$U$17,RIGHT($U22,3)="2SP"),VLOOKUP(CONCATENATE(LEFT($U22,2),"L"),$R$63:$T$90,3,FALSE),0)-IF(AND($V$16=H$18,$V$14<>$V$15,$V$16=$V$17,RIGHT($V22,3)="2SP"),VLOOKUP(CONCATENATE(LEFT($V22,2),"L"),$R$63:$T$90,3,FALSE),0)-IF(AND($W$16=H$18,$W$14<>$W$15,$W$16=$W$17,RIGHT($W22,3)="2SP"),VLOOKUP(CONCATENATE(LEFT($W22,2),"L"),$R$63:$T$90,3,FALSE),0)-IF(AND($X$16=H$18,$X$14<>$X$15,$X$16=$X$17,RIGHT($X22,3)="2SP"),VLOOKUP(CONCATENATE(LEFT($X22,2),"L"),$R$63:$T$90,3,FALSE),0)-IF(AND($Y$16=H$18,$Y$14<>$Y$15,$Y$16=$Y$17,RIGHT($Y22,3)="2SP"),VLOOKUP(CONCATENATE(LEFT($Y22,2),"L"),$R$63:$T$90,3,FALSE),0)+IF(AND($K$6="CE",$T$59="2 Phases",H$18<>""),IF(VLOOKUP(CONCATENATE($A$18,"Line"),'Supply Attribution'!$F$31:$G$37,2,FALSE)="Line3",$A22,0)+IF(VLOOKUP(CONCATENATE($B$18,"Line"),'Supply Attribution'!$F$31:$G$37,2,FALSE)="Line3",$B22,0)+IF(VLOOKUP(CONCATENATE($C$18,"Line"),'Supply Attribution'!$F$31:$G$37,2,FALSE)="Line3",$C22,0)+IF(VLOOKUP(CONCATENATE($D$18,"Line"),'Supply Attribution'!$F$31:$G$37,2,FALSE)="Line3",$D22,0)+IF(VLOOKUP(CONCATENATE($E$18,"Line"),'Supply Attribution'!$F$31:$G$37,2,FALSE)="Line3",$E22,0)+IF(VLOOKUP(CONCATENATE($F$18,"Line"),'Supply Attribution'!$F$31:$G$37,2,FALSE)="Line3",$F22,0)-IF(AND($K$16=I$18,$K$14<>$K$15,$K$16=$K$17,RIGHT($K22,3)="2SP"),VLOOKUP(CONCATENATE(LEFT($K22,2),"L"),$R$63:$T$90,3,FALSE),0)-IF(AND($L$16=I$18,$L$14<>$L$15,$L$16=$L$17,RIGHT($L22,3)="2SP"),VLOOKUP(CONCATENATE(LEFT($L22,2),"L"),$R$63:$T$90,3,FALSE),0)-IF(AND($M$16=I$18,$M$14<>$M$15,$M$16=$M$17,RIGHT($M22,3)="2SP"),VLOOKUP(CONCATENATE(LEFT($M22,2),"L"),$R$63:$T$90,3,FALSE),0)-IF(AND($N$16=I$18,$N$14<>$N$15,$N$16=$N$17,RIGHT($N22,3)="2SP"),VLOOKUP(CONCATENATE(LEFT($N22,2),"L"),$R$63:$T$90,3,FALSE),0)-IF(AND($O$16=I$18,$O$14<>$O$15,$O$16=$O$17,RIGHT($O22,3)="2SP"),VLOOKUP(CONCATENATE(LEFT($O22,2),"L"),$R$63:$T$90,3,FALSE),0)-IF(AND($P$16=I$18,$P$14<>$P$15,$P$16=$P$17,RIGHT($P22,3)="2SP"),VLOOKUP(CONCATENATE(LEFT($P22,2),"L"),$R$63:$T$90,3,FALSE),0)-IF(AND($Q$16=I$18,$Q$14<>$Q$15,$Q$16=$Q$17,RIGHT($Q22,3)="2SP"),VLOOKUP(CONCATENATE(LEFT($Q22,2),"L"),$R$63:$T$90,3,FALSE),0)-IF(AND($T$16=I$18,$T$14<>$T$15,$T$16=$T$17,RIGHT($T22,3)="2SP"),VLOOKUP(CONCATENATE(LEFT($T22,2),"L"),$R$63:$T$90,3,FALSE),0)-IF(AND($U$16=I$18,$U$14<>$U$15,$U$16=$U$17,RIGHT($U22,3)="2SP"),VLOOKUP(CONCATENATE(LEFT($U22,2),"L"),$R$63:$T$90,3,FALSE),0)-IF(AND($V$16=I$18,$V$14<>$V$15,$V$16=$V$17,RIGHT($V22,3)="2SP"),VLOOKUP(CONCATENATE(LEFT($V22,2),"L"),$R$63:$T$90,3,FALSE),0)-IF(AND($W$16=I$18,$W$14<>$W$15,$W$16=$W$17,RIGHT($W22,3)="2SP"),VLOOKUP(CONCATENATE(LEFT($W22,2),"L"),$R$63:$T$90,3,FALSE),0)-IF(AND($X$16=I$18,$X$14<>$X$15,$X$16=$X$17,RIGHT($X22,3)="2SP"),VLOOKUP(CONCATENATE(LEFT($X22,2),"L"),$R$63:$T$90,3,FALSE),0)-IF(AND($Y$16=I$18,$Y$14<>$Y$15,$Y$16=$Y$17,RIGHT($Y22,3)="2SP"),VLOOKUP(CONCATENATE(LEFT($Y22,2),"L"),$R$63:$T$90,3,FALSE),0),0),"") | I22: =IF(I$18<>"",IF(VLOOKUP(CONCATENATE($A$18,"Line"),'Supply Attribution'!$F$31:$G$37,2,FALSE)=I$18,$A22,0)+IF(VLOOKUP(CONCATENATE($B$18,"Line"),'Supply Attribution'!$F$31:$G$37,2,FALSE)=I$18,$B22,0)+IF(VLOOKUP(CONCATENATE($C$18,"Line"),'Supply Attribution'!$F$31:$G$37,2,FALSE)=I$18,$C22,0)+IF(VLOOKUP(CONCATENATE($D$18,"Line"),'Supply Attribution'!$F$31:$G$37,2,FALSE)=I$18,$D22,0)+IF(VLOOKUP(CONCATENATE($E$18,"Line"),'Supply Attribution'!$F$31:$G$37,2,FALSE)=I$18,$E22,0)+IF(VLOOKUP(CONCATENATE($F$18,"Line"),'Supply Attribution'!$F$31:$G$37,2,FALSE)=I$18,$F22,0)+IF($K$6="UL",LEFT($S$90,2),0)-IF(AND($K$16=I$18,$K$14<>$K$15,$K$16=$K$17,RIGHT($K22,3)="2SP"),VLOOKUP(CONCATENATE(LEFT($K22,2),"L"),$R$63:$T$90,3,FALSE),0)-IF(AND($L$16=I$18,$L$14<>$L$15,$L$16=$L$17,RIGHT($L22,3)="2SP"),VLOOKUP(CONCATENATE(LEFT($L22,2),"L"),$R$63:$T$90,3,FALSE),0)-IF(AND($M$16=I$18,$M$14<>$M$15,$M$16=$M$17,RIGHT($M22,3)="2SP"),VLOOKUP(CONCATENATE(LEFT($M22,2),"L"),$R$63:$T$90,3,FALSE),0)-IF(AND($N$16=I$18,$N$14<>$N$15,$N$16=$N$17,RIGHT($N22,3)="2SP"),VLOOKUP(CONCATENATE(LEFT($N22,2),"L"),$R$63:$T$90,3,FALSE),0)-IF(AND($O$16=I$18,$O$14<>$O$15,$O$16=$O$17,RIGHT($O22,3)="2SP"),VLOOKUP(CONCATENATE(LEFT($O22,2),"L"),$R$63:$T$90,3,FALSE),0)-IF(AND($P$16=I$18,$P$14<>$P$15,$P$16=$P$17,RIGHT($P22,3)="2SP"),VLOOKUP(CONCATENATE(LEFT($P22,2),"L"),$R$63:$T$90,3,FALSE),0)-IF(AND($Q$16=I$18,$Q$14<>$Q$15,$Q$16=$Q$17,RIGHT($Q22,3)="2SP"),VLOOKUP(CONCATENATE(LEFT($Q22,2),"L"),$R$63:$T$90,3,FALSE),0)-IF(AND($T$16=I$18,$T$14<>$T$15,$T$16=$T$17,RIGHT($T22,3)="2SP"),VLOOKUP(CONCATENATE(LEFT($T22,2),"L"),$R$63:$T$90,3,FALSE),0)-IF(AND($U$16=I$18,$U$14<>$U$15,$U$16=$U$17,RIGHT($U22,3)="2SP"),VLOOKUP(CONCATENATE(LEFT($U22,2),"L"),$R$63:$T$90,3,FALSE),0)-IF(AND($V$16=I$18,$V$14<>$V$15,$V$16=$V$17,RIGHT($V22,3)="2SP"),VLOOKUP(CONCATENATE(LEFT($V22,2),"L"),$R$63:$T$90,3,FALSE),0)-IF(AND($W$16=I$18,$W$14<>$W$15,$W$16=$W$17,RIGHT($W22,3)="2SP"),VLOOKUP(CONCATENATE(LEFT($W22,2),"L"),$R$63:$T$90,3,FALSE),0)-IF(AND($X$16=I$18,$X$14<>$X$15,$X$16=$X$17,RIGHT($X22,3)="2SP"),VLOOKUP(CONCATENATE(LEFT($X22,2),"L"),$R$63:$T$90,3,FALSE),0)-IF(AND($Y$16=I$18,$Y$14<>$Y$15,$Y$16=$Y$17,RIGHT($Y22,3)="2SP"),VLOOKUP(CONCATENATE(LEFT($Y22,2),"L"),$R$63:$T$90,3,FALSE),0),"") | J22: =J21+1 -> 2 | K22: O3 | L22: P2_1SP | M22: P1_2SP | N22: -- | O22: DIRECT 1 | Z22: -- | AA22: ON when filtering | AB22: P1 | AC22: With P1 | AD22: P1 | AE22: =J22 -> 2
A23: =IF(AND($K23<>"",$K23<>"--",$K23<>"O3/CP",$K$14=A$18),IF(LEFT($K23,1)="P",VLOOKUP(CONCATENATE(LEFT($K23,2),"H"),$R$63:$T$91,3,FALSE),VLOOKUP($K23,$R$63:$T$91,3,FALSE)))+IF(AND($K23<>"",$K23<>"O3/CP",$K$15=A$18,MID($K23,4,1)="2",$K$15<>$K$14),VLOOKUP(CONCATENATE(LEFT($K23,2),"L"),$R$63:$T$91,3,FALSE),0)+IF(AND($K23="O3/CP",$K$14=A$18),VLOOKUP("O3",$R$63:$T$91,3,FALSE)+VLOOKUP("CP",$R$63:$T$91,3,FALSE),0)+IF(AND($L23<>"",$L23<>"--",$L23<>"O3/CP",$L$14=A$18),IF(LEFT($L23,1)="P",VLOOKUP(CONCATENATE(LEFT($L23,2),"H"),$R$63:$T$91,3,FALSE),VLOOKUP($L23,$R$63:$T$91,3,FALSE)))+IF(AND($L23<>"",$L23<>"O3/CP",$L$15=A$18,MID($L23,4,1)="2",$L$15<>$L$14),VLOOKUP(CONCATENATE(LEFT($L23,2),"L"),$R$63:$T$91,3,FALSE),0)+IF(AND($L23="O3/CP",$L$14=A$18),VLOOKUP("O3",$R$63:$T$91,3,FALSE)+VLOOKUP("CP",$R$63:$T$91,3,FALSE),0)+IF(AND($M23<>"",$M23<>"--",$M23<>"O3/CP",$M$14=A$18),IF(LEFT($M23,1)="P",VLOOKUP(CONCATENATE(LEFT($M23,2),"H"),$R$63:$T$91,3,FALSE),VLOOKUP($M23,$R$63:$T$91,3,FALSE)))+IF(AND($M23<>"",$M23<>"O3/CP",$M$15=A$18,MID($M23,4,1)="2",$M$15<>$M$14),VLOOKUP(CONCATENATE(LEFT($M23,2),"L"),$R$63:$T$91,3,FALSE),0)+IF(AND($M23="O3/CP",$M$14=A$18),VLOOKUP("O3",$R$63:$T$91,3,FALSE)+VLOOKUP("CP",$R$63:$T$91,3,FALSE),0)+IF(AND($N23<>"",$N23<>"--",$N23<>"O3/CP",$N$14=A$18),IF(LEFT($N23,1)="P",VLOOKUP(CONCATENATE(LEFT($N23,2),"H"),$R$63:$T$91,3,FALSE),VLOOKUP($N23,$R$63:$T$91,3,FALSE)))+IF(AND($N23<>"",$N23<>"O3/CP",$N$15=A$18,MID($N23,4,1)="2",$N$15<>$N$14),VLOOKUP(CONCATENATE(LEFT($N23,2),"L"),$R$63:$T$91,3,FALSE),0)+IF(AND($N23="O3/CP",$N$14=A$18),VLOOKUP("O3",$R$63:$T$91,3,FALSE)+VLOOKUP("CP",$R$63:$T$91,3,FALSE),0)+IF(AND($O23<>"",$O23<>"--",$O23<>"O3/CP",$O$14=A$18),IF(LEFT($O23,1)="P",VLOOKUP(CONCATENATE(LEFT($O23,2),"H"),$R$63:$T$91,3,FALSE),VLOOKUP($O23,$R$63:$T$91,3,FALSE)))+IF(AND($O23<>"",$O23<>"O3/CP",$O$15=A$18,MID($O23,4,1)="2",$O$15<>$O$14),VLOOKUP(CONCATENATE(LEFT($O23,2),"L"),$R$63:$T$91,3,FALSE),0)+IF(AND($O23="O3/CP",$O$14=A$18),VLOOKUP("O3",$R$63:$T$91,3,FALSE)+VLOOKUP("CP",$R$63:$T$91,3,FALSE),0)+IF(AND($P23<>"",$P23<>"--",$P23<>"O3/CP",$P$14=A$18),IF(LEFT($P23,1)="P",VLOOKUP(CONCATENATE(LEFT($P23,2),"H"),$R$63:$T$91,3,FALSE),VLOOKUP($P23,$R$63:$T$91,3,FALSE)))+IF(AND($P23<>"",$P23<>"O3/CP",$P$15=A$18,MID($P23,4,1)="2",$P$15<>$P$14),VLOOKUP(CONCATENATE(LEFT($P23,2),"L"),$R$63:$T$91,3,FALSE),0)+IF(AND($P23="O3/CP",$P$14=A$18),VLOOKUP("O3",$R$63:$T$91,3,FALSE)+VLOOKUP("CP",$R$63:$T$91,3,FALSE),0)+IF(AND($Q23<>"",$Q23<>"--",$Q23<>"O3/CP",$Q$14=A$18),IF(LEFT($Q23,1)="P",VLOOKUP(CONCATENATE(LEFT($Q23,2),"H"),$R$63:$T$91,3,FALSE),VLOOKUP($Q23,$R$63:$T$91,3,FALSE)))+IF(AND($Q23<>"",$Q23<>"O3/CP",$Q$15=A$18,MID($Q23,4,1)="2",$Q$15<>$Q$14),VLOOKUP(CONCATENATE(LEFT($Q23,2),"L"),$R$63:$T$91,3,FALSE),0)+IF(AND($Q23="O3/CP",$Q$14=A$18),VLOOKUP("O3",$R$63:$T$91,3,FALSE)+VLOOKUP("CP",$R$63:$T$91,3,FALSE),0)+IF(AND($R23<>"",$R23<>"--",$R23<>"O3/CP",$R$14=A$18),IF(LEFT($R23,1)="P",VLOOKUP(CONCATENATE(LEFT($R23,2),"H"),$R$63:$T$91,3,FALSE),VLOOKUP($R23,$R$63:$T$91,3,FALSE)))+IF(AND($R23<>"",$R23<>"O3/CP",$R$15=A$18,MID($R23,4,1)="2",$R$15<>$R$14),VLOOKUP(CONCATENATE(LEFT($R23,2),"L"),$R$63:$T$91,3,FALSE),0)+IF(AND($R23="O3/CP",$R$14=A$18),VLOOKUP("O3",$R$63:$T$91,3,FALSE)+VLOOKUP("CP",$R$63:$T$91,3,FALSE),0)+IF(AND($S23<>"",$S23<>"--",$S23<>"O3/CP",$S$14=A$18),IF(LEFT($S23,1)="P",VLOOKUP(CONCATENATE(LEFT($S23,2),"H"),$R$63:$T$91,3,FALSE),VLOOKUP($S23,$R$63:$T$91,3,FALSE)))+IF(AND($S23<>"",$S23<>"O3/CP",$S$15=A$18,MID($S23,4,1)="2",$S$15<>$S$14),VLOOKUP(CONCATENATE(LEFT($S23,2),"L"),$R$63:$T$91,3,FALSE),0)+IF(AND($S23="O3/CP",$S$14=A$18),VLOOKUP("O3",$R$63:$T$91,3,FALSE)+VLOOKUP("CP",$R$63:$T$91,3,FALSE),0)+IF(AND($T23<>"",$T23<>"--",$T23<>"O3/CP",$T$14=A$18),IF(LEFT($T23,1)="P",VLOOKUP(CONCATENATE(LEFT($T23,2),"H"),$R$63:$T$91,3,FALSE),VLOOKUP($T23,$R$63:$T$91,3,FALSE)))+IF(AND($T23<>"",$T23<>"O3/CP",$T$15=A$18,MID($T23,4,1)="2",$T$15<>$T$14),VLOOKUP(CONCATENATE(LEFT($T23,2),"L"),$R$63:$T$91,3,FALSE),0)+IF(AND($T23="O3/CP",$T$14=A$18),VLOOKUP("O3",$R$63:$T$91,3,FALSE)+VLOOKUP("CP",$R$63:$T$91,3,FALSE),0)+IF(AND($U23<>"",$U23<>"--",$U23<>"O3/CP",$U$14=A$18),IF(LEFT($U23,1)="P",VLOOKUP(CONCATENATE(LEFT($U23,2),"H"),$R$63:$T$91,3,FALSE),VLOOKUP($U23,$R$63:$T$91,3,FALSE)))+IF(AND($U23<>"",$U23<>"O3/CP",$U$15=A$18,MID($U23,4,1)="2",$U$15<>$U$14),VLOOKUP(CONCATENATE(LEFT($U23,2),"L"),$R$63:$T$91,3,FALSE),0)+IF(AND($U23="O3/CP",$T$14=A$18),VLOOKUP("O3",$R$63:$T$91,3,FALSE)+VLOOKUP("CP",$R$63:$T$91,3,FALSE),0)+IF(AND($V23<>"",$V23<>"--",$V23<>"O3/CP",$V$14=A$18),IF(LEFT($V23,1)="P",VLOOKUP(CONCATENATE(LEFT($V23,2),"H"),$R$63:$T$91,3,FALSE),VLOOKUP($V23,$R$63:$T$91,3,FALSE)))+IF(AND($V23<>"",$V23<>"O3/CP",$V$15=A$18,MID($V23,4,1)="2",$V$15<>$V$14),VLOOKUP(CONCATENATE(LEFT($V23,2),"L"),$R$63:$T$91,3,FALSE),0)+IF(AND($V23="O3/CP",$V$14=A$18),VLOOKUP("O3",$R$63:$T$91,3,FALSE)+VLOOKUP("CP",$R$63:$T$91,3,FALSE),0)+IF(AND($W23<>"",$W23<>"--",$W23<>"O3/CP",$W$14=A$18),IF(LEFT($W23,1)="P",VLOOKUP(CONCATENATE(LEFT($W23,2),"H"),$R$63:$T$91,3,FALSE),VLOOKUP($W23,$R$63:$T$91,3,FALSE)))+IF(AND($W23<>"",$W23<>"O3/CP",$W$15=A$18,MID($W23,4,1)="2",$W$15<>$W$14),VLOOKUP(CONCATENATE(LEFT($W23,2),"L"),$R$63:$T$91,3,FALSE),0)+IF(AND($W23="O3/CP",$W$14=A$18),VLOOKUP("O3",$R$63:$T$91,3,FALSE)+VLOOKUP("CP",$R$63:$T$91,3,FALSE),0)+IF(AND($X23<>"",$X23<>"--",$X23<>"O3/CP",$X$14=A$18),IF(LEFT($X23,1)="P",VLOOKUP(CONCATENATE(LEFT($X23,2),"H"),$R$63:$T$91,3,FALSE),VLOOKUP($X23,$R$63:$T$91,3,FALSE)))+IF(AND($X23<>"",$X23<>"O3/CP",$X$15=A$18,MID($X23,4,1)="2",$X$15<>$X$14),VLOOKUP(CONCATENATE(LEFT($X23,2),"L"),$R$63:$T$91,3,FALSE),0)+IF(AND($X23="O3/CP",$X$14=A$18),VLOOKUP("O3",$R$63:$T$91,3,FALSE)+VLOOKUP("CP",$R$63:$T$91,3,FALSE),0)+IF(AND($Y23<>"",$Y23<>"--",$Y23<>"O3/CP",$Y$14=A$18),IF(LEFT($Y23,1)="P",VLOOKUP(CONCATENATE(LEFT($Y23,2),"H"),$R$63:$T$91,3,FALSE),VLOOKUP($Y23,$R$63:$T$91,3,FALSE)))+IF(AND($Y23<>"",$Y23<>"O3/CP",$Y$15=A$18,MID($Y23,4,1)="2",$Y$15<>$Y$14),VLOOKUP(CONCATENATE(LEFT($Y23,2),"L"),$R$63:$T$91,3,FALSE),0)+IF(AND($Y23="O3/CP",$Y$14=A$18),VLOOKUP("O3",$R$63:$T$91,3,FALSE)+VLOOKUP("CP",$R$63:$T$91,3,FALSE),0)+IF(AND($K$6="CE",'[3]Supply Attribution'!$G$20=A$18),LEFT($S$90,2),0)+IF(AND($X$86<>"Not Set",$X$87=A$18),$X$86,0) -> 13 | B23: =IF(AND($K23<>"",$K23<>"--",$K23<>"O3/CP",$K$14=B$18),IF(LEFT($K23,1)="P",VLOOKUP(CONCATENATE(LEFT($K23,2),"H"),$R$63:$T$91,3,FALSE),VLOOKUP($K23,$R$63:$T$91,3,FALSE)))+IF(AND($K23<>"",$K23<>"O3/CP",$K$15=B$18,MID($K23,4,1)="2",$K$15<>$K$14),VLOOKUP(CONCATENATE(LEFT($K23,2),"L"),$R$63:$T$91,3,FALSE),0)+IF(AND($K23="O3/CP",$K$14=B$18),VLOOKUP("O3",$R$63:$T$91,3,FALSE)+VLOOKUP("CP",$R$63:$T$91,3,FALSE),0)+IF(AND($L23<>"",$L23<>"--",$L23<>"O3/CP",$L$14=B$18),IF(LEFT($L23,1)="P",VLOOKUP(CONCATENATE(LEFT($L23,2),"H"),$R$63:$T$91,3,FALSE),VLOOKUP($L23,$R$63:$T$91,3,FALSE)))+IF(AND($L23<>"",$L23<>"O3/CP",$L$15=B$18,MID($L23,4,1)="2",$L$15<>$L$14),VLOOKUP(CONCATENATE(LEFT($L23,2),"L"),$R$63:$T$91,3,FALSE),0)+IF(AND($L23="O3/CP",$L$14=B$18),VLOOKUP("O3",$R$63:$T$91,3,FALSE)+VLOOKUP("CP",$R$63:$T$91,3,FALSE),0)+IF(AND($M23<>"",$M23<>"--",$M23<>"O3/CP",$M$14=B$18),IF(LEFT($M23,1)="P",VLOOKUP(CONCATENATE(LEFT($M23,2),"H"),$R$63:$T$91,3,FALSE),VLOOKUP($M23,$R$63:$T$91,3,FALSE)))+IF(AND($M23<>"",$M23<>"O3/CP",$M$15=B$18,MID($M23,4,1)="2",$M$15<>$M$14),VLOOKUP(CONCATENATE(LEFT($M23,2),"L"),$R$63:$T$91,3,FALSE),0)+IF(AND($M23="O3/CP",$M$14=B$18),VLOOKUP("O3",$R$63:$T$91,3,FALSE)+VLOOKUP("CP",$R$63:$T$91,3,FALSE),0)+IF(AND($N23<>"",$N23<>"--",$N23<>"O3/CP",$N$14=B$18),IF(LEFT($N23,1)="P",VLOOKUP(CONCATENATE(LEFT($N23,2),"H"),$R$63:$T$91,3,FALSE),VLOOKUP($N23,$R$63:$T$91,3,FALSE)))+IF(AND($N23<>"",$N23<>"O3/CP",$N$15=B$18,MID($N23,4,1)="2",$N$15<>$N$14),VLOOKUP(CONCATENATE(LEFT($N23,2),"L"),$R$63:$T$91,3,FALSE),0)+IF(AND($N23="O3/CP",$N$14=B$18),VLOOKUP("O3",$R$63:$T$91,3,FALSE)+VLOOKUP("CP",$R$63:$T$91,3,FALSE),0)+IF(AND($O23<>"",$O23<>"--",$O23<>"O3/CP",$O$14=B$18),IF(LEFT($O23,1)="P",VLOOKUP(CONCATENATE(LEFT($O23,2),"H"),$R$63:$T$91,3,FALSE),VLOOKUP($O23,$R$63:$T$91,3,FALSE)))+IF(AND($O23<>"",$O23<>"O3/CP",$O$15=B$18,MID($O23,4,1)="2",$O$15<>$O$14),VLOOKUP(CONCATENATE(LEFT($O23,2),"L"),$R$63:$T$91,3,FALSE),0)+IF(AND($O23="O3/CP",$O$14=B$18),VLOOKUP("O3",$R$63:$T$91,3,FALSE)+VLOOKUP("CP",$R$63:$T$91,3,FALSE),0)+IF(AND($P23<>"",$P23<>"--",$P23<>"O3/CP",$P$14=B$18),IF(LEFT($P23,1)="P",VLOOKUP(CONCATENATE(LEFT($P23,2),"H"),$R$63:$T$91,3,FALSE),VLOOKUP($P23,$R$63:$T$91,3,FALSE)))+IF(AND($P23<>"",$P23<>"O3/CP",$P$15=B$18,MID($P23,4,1)="2",$P$15<>$P$14),VLOOKUP(CONCATENATE(LEFT($P23,2),"L"),$R$63:$T$91,3,FALSE),0)+IF(AND($P23="O3/CP",$P$14=B$18),VLOOKUP("O3",$R$63:$T$91,3,FALSE)+VLOOKUP("CP",$R$63:$T$91,3,FALSE),0)+IF(AND($Q23<>"",$Q23<>"--",$Q23<>"O3/CP",$Q$14=B$18),IF(LEFT($Q23,1)="P",VLOOKUP(CONCATENATE(LEFT($Q23,2),"H"),$R$63:$T$91,3,FALSE),VLOOKUP($Q23,$R$63:$T$91,3,FALSE)))+IF(AND($Q23<>"",$Q23<>"O3/CP",$Q$15=B$18,MID($Q23,4,1)="2",$Q$15<>$Q$14),VLOOKUP(CONCATENATE(LEFT($Q23,2),"L"),$R$63:$T$91,3,FALSE),0)+IF(AND($Q23="O3/CP",$Q$14=B$18),VLOOKUP("O3",$R$63:$T$91,3,FALSE)+VLOOKUP("CP",$R$63:$T$91,3,FALSE),0)+IF(AND($R23<>"",$R23<>"--",$R23<>"O3/CP",$R$14=B$18),IF(LEFT($R23,1)="P",VLOOKUP(CONCATENATE(LEFT($R23,2),"H"),$R$63:$T$91,3,FALSE),VLOOKUP($R23,$R$63:$T$91,3,FALSE)))+IF(AND($R23<>"",$R23<>"O3/CP",$R$15=B$18,MID($R23,4,1)="2",$R$15<>$R$14),VLOOKUP(CONCATENATE(LEFT($R23,2),"L"),$R$63:$T$91,3,FALSE),0)+IF(AND($R23="O3/CP",$R$14=B$18),VLOOKUP("O3",$R$63:$T$91,3,FALSE)+VLOOKUP("CP",$R$63:$T$91,3,FALSE),0)+IF(AND($S23<>"",$S23<>"--",$S23<>"O3/CP",$S$14=B$18),IF(LEFT($S23,1)="P",VLOOKUP(CONCATENATE(LEFT($S23,2),"H"),$R$63:$T$91,3,FALSE),VLOOKUP($S23,$R$63:$T$91,3,FALSE)))+IF(AND($S23<>"",$S23<>"O3/CP",$S$15=B$18,MID($S23,4,1)="2",$S$15<>$S$14),VLOOKUP(CONCATENATE(LEFT($S23,2),"L"),$R$63:$T$91,3,FALSE),0)+IF(AND($S23="O3/CP",$S$14=B$18),VLOOKUP("O3",$R$63:$T$91,3,FALSE)+VLOOKUP("CP",$R$63:$T$91,3,FALSE),0)+IF(AND($T23<>"",$T23<>"--",$T23<>"O3/CP",$T$14=B$18),IF(LEFT($T23,1)="P",VLOOKUP(CONCATENATE(LEFT($T23,2),"H"),$R$63:$T$91,3,FALSE),VLOOKUP($T23,$R$63:$T$91,3,FALSE)))+IF(AND($T23<>"",$T23<>"O3/CP",$T$15=B$18,MID($T23,4,1)="2",$T$15<>$T$14),VLOOKUP(CONCATENATE(LEFT($T23,2),"L"),$R$63:$T$91,3,FALSE),0)+IF(AND($T23="O3/CP",$T$14=B$18),VLOOKUP("O3",$R$63:$T$91,3,FALSE)+VLOOKUP("CP",$R$63:$T$91,3,FALSE),0)+IF(AND($U23<>"",$U23<>"--",$U23<>"O3/CP",$U$14=B$18),IF(LEFT($U23,1)="P",VLOOKUP(CONCATENATE(LEFT($U23,2),"H"),$R$63:$T$91,3,FALSE),VLOOKUP($U23,$R$63:$T$91,3,FALSE)))+IF(AND($U23<>"",$U23<>"O3/CP",$U$15=B$18,MID($U23,4,1)="2",$U$15<>$U$14),VLOOKUP(CONCATENATE(LEFT($U23,2),"L"),$R$63:$T$91,3,FALSE),0)+IF(AND($U23="O3/CP",$T$14=B$18),VLOOKUP("O3",$R$63:$T$91,3,FALSE)+VLOOKUP("CP",$R$63:$T$91,3,FALSE),0)+IF(AND($V23<>"",$V23<>"--",$V23<>"O3/CP",$V$14=B$18),IF(LEFT($V23,1)="P",VLOOKUP(CONCATENATE(LEFT($V23,2),"H"),$R$63:$T$91,3,FALSE),VLOOKUP($V23,$R$63:$T$91,3,FALSE)))+IF(AND($V23<>"",$V23<>"O3/CP",$V$15=B$18,MID($V23,4,1)="2",$V$15<>$V$14),VLOOKUP(CONCATENATE(LEFT($V23,2),"L"),$R$63:$T$91,3,FALSE),0)+IF(AND($V23="O3/CP",$V$14=B$18),VLOOKUP("O3",$R$63:$T$91,3,FALSE)+VLOOKUP("CP",$R$63:$T$91,3,FALSE),0)+IF(AND($W23<>"",$W23<>"--",$W23<>"O3/CP",$W$14=B$18),IF(LEFT($W23,1)="P",VLOOKUP(CONCATENATE(LEFT($W23,2),"H"),$R$63:$T$91,3,FALSE),VLOOKUP($W23,$R$63:$T$91,3,FALSE)))+IF(AND($W23<>"",$W23<>"O3/CP",$W$15=B$18,MID($W23,4,1)="2",$W$15<>$W$14),VLOOKUP(CONCATENATE(LEFT($W23,2),"L"),$R$63:$T$91,3,FALSE),0)+IF(AND($W23="O3/CP",$W$14=B$18),VLOOKUP("O3",$R$63:$T$91,3,FALSE)+VLOOKUP("CP",$R$63:$T$91,3,FALSE),0)+IF(AND($X23<>"",$X23<>"--",$X23<>"O3/CP",$X$14=B$18),IF(LEFT($X23,1)="P",VLOOKUP(CONCATENATE(LEFT($X23,2),"H"),$R$63:$T$91,3,FALSE),VLOOKUP($X23,$R$63:$T$91,3,FALSE)))+IF(AND($X23<>"",$X23<>"O3/CP",$X$15=B$18,MID($X23,4,1)="2",$X$15<>$X$14),VLOOKUP(CONCATENATE(LEFT($X23,2),"L"),$R$63:$T$91,3,FALSE),0)+IF(AND($X23="O3/CP",$X$14=B$18),VLOOKUP("O3",$R$63:$T$91,3,FALSE)+VLOOKUP("CP",$R$63:$T$91,3,FALSE),0)+IF(AND($Y23<>"",$Y23<>"--",$Y23<>"O3/CP",$Y$14=B$18),IF(LEFT($Y23,1)="P",VLOOKUP(CONCATENATE(LEFT($Y23,2),"H"),$R$63:$T$91,3,FALSE),VLOOKUP($Y23,$R$63:$T$91,3,FALSE)))+IF(AND($Y23<>"",$Y23<>"O3/CP",$Y$15=B$18,MID($Y23,4,1)="2",$Y$15<>$Y$14),VLOOKUP(CONCATENATE(LEFT($Y23,2),"L"),$R$63:$T$91,3,FALSE),0)+IF(AND($Y23="O3/CP",$Y$14=B$18),VLOOKUP("O3",$R$63:$T$91,3,FALSE)+VLOOKUP("CP",$R$63:$T$91,3,FALSE),0)+IF(AND($K$6="CE",'[3]Supply Attribution'!$G$20=B$18),LEFT($S$90,2),0)+IF(AND($X$86<>"Not Set",$X$87=B$18),$X$86,0) -> 6 | C23: =IF(AND($K23<>"",$K23<>"--",$K23<>"O3/CP",$K$14=C$18),IF(LEFT($K23,1)="P",VLOOKUP(CONCATENATE(LEFT($K23,2),"H"),$R$63:$T$91,3,FALSE),VLOOKUP($K23,$R$63:$T$91,3,FALSE)))+IF(AND($K23<>"",$K23<>"O3/CP",$K$15=C$18,MID($K23,4,1)="2",$K$15<>$K$14),VLOOKUP(CONCATENATE(LEFT($K23,2),"L"),$R$63:$T$91,3,FALSE),0)+IF(AND($K23="O3/CP",$K$14=C$18),VLOOKUP("O3",$R$63:$T$91,3,FALSE)+VLOOKUP("CP",$R$63:$T$91,3,FALSE),0)+IF(AND($L23<>"",$L23<>"--",$L23<>"O3/CP",$L$14=C$18),IF(LEFT($L23,1)="P",VLOOKUP(CONCATENATE(LEFT($L23,2),"H"),$R$63:$T$91,3,FALSE),VLOOKUP($L23,$R$63:$T$91,3,FALSE)))+IF(AND($L23<>"",$L23<>"O3/CP",$L$15=C$18,MID($L23,4,1)="2",$L$15<>$L$14),VLOOKUP(CONCATENATE(LEFT($L23,2),"L"),$R$63:$T$91,3,FALSE),0)+IF(AND($L23="O3/CP",$L$14=C$18),VLOOKUP("O3",$R$63:$T$91,3,FALSE)+VLOOKUP("CP",$R$63:$T$91,3,FALSE),0)+IF(AND($M23<>"",$M23<>"--",$M23<>"O3/CP",$M$14=C$18),IF(LEFT($M23,1)="P",VLOOKUP(CONCATENATE(LEFT($M23,2),"H"),$R$63:$T$91,3,FALSE),VLOOKUP($M23,$R$63:$T$91,3,FALSE)))+IF(AND($M23<>"",$M23<>"O3/CP",$M$15=C$18,MID($M23,4,1)="2",$M$15<>$M$14),VLOOKUP(CONCATENATE(LEFT($M23,2),"L"),$R$63:$T$91,3,FALSE),0)+IF(AND($M23="O3/CP",$M$14=C$18),VLOOKUP("O3",$R$63:$T$91,3,FALSE)+VLOOKUP("CP",$R$63:$T$91,3,FALSE),0)+IF(AND($N23<>"",$N23<>"--",$N23<>"O3/CP",$N$14=C$18),IF(LEFT($N23,1)="P",VLOOKUP(CONCATENATE(LEFT($N23,2),"H"),$R$63:$T$91,3,FALSE),VLOOKUP($N23,$R$63:$T$91,3,FALSE)))+IF(AND($N23<>"",$N23<>"O3/CP",$N$15=C$18,MID($N23,4,1)="2",$N$15<>$N$14),VLOOKUP(CONCATENATE(LEFT($N23,2),"L"),$R$63:$T$91,3,FALSE),0)+IF(AND($N23="O3/CP",$N$14=C$18),VLOOKUP("O3",$R$63:$T$91,3,FALSE)+VLOOKUP("CP",$R$63:$T$91,3,FALSE),0)+IF(AND($O23<>"",$O23<>"--",$O23<>"O3/CP",$O$14=C$18),IF(LEFT($O23,1)="P",VLOOKUP(CONCATENATE(LEFT($O23,2),"H"),$R$63:$T$91,3,FALSE),VLOOKUP($O23,$R$63:$T$91,3,FALSE)))+IF(AND($O23<>"",$O23<>"O3/CP",$O$15=C$18,MID($O23,4,1)="2",$O$15<>$O$14),VLOOKUP(CONCATENATE(LEFT($O23,2),"L"),$R$63:$T$91,3,FALSE),0)+IF(AND($O23="O3/CP",$O$14=C$18),VLOOKUP("O3",$R$63:$T$91,3,FALSE)+VLOOKUP("CP",$R$63:$T$91,3,FALSE),0)+IF(AND($P23<>"",$P23<>"--",$P23<>"O3/CP",$P$14=C$18),IF(LEFT($P23,1)="P",VLOOKUP(CONCATENATE(LEFT($P23,2),"H"),$R$63:$T$91,3,FALSE),VLOOKUP($P23,$R$63:$T$91,3,FALSE)))+IF(AND($P23<>"",$P23<>"O3/CP",$P$15=C$18,MID($P23,4,1)="2",$P$15<>$P$14),VLOOKUP(CONCATENATE(LEFT($P23,2),"L"),$R$63:$T$91,3,FALSE),0)+IF(AND($P23="O3/CP",$P$14=C$18),VLOOKUP("O3",$R$63:$T$91,3,FALSE)+VLOOKUP("CP",$R$63:$T$91,3,FALSE),0)+IF(AND($Q23<>"",$Q23<>"--",$Q23<>"O3/CP",$Q$14=C$18),IF(LEFT($Q23,1)="P",VLOOKUP(CONCATENATE(LEFT($Q23,2),"H"),$R$63:$T$91,3,FALSE),VLOOKUP($Q23,$R$63:$T$91,3,FALSE)))+IF(AND($Q23<>"",$Q23<>"O3/CP",$Q$15=C$18,MID($Q23,4,1)="2",$Q$15<>$Q$14),VLOOKUP(CONCATENATE(LEFT($Q23,2),"L"),$R$63:$T$91,3,FALSE),0)+IF(AND($Q23="O3/CP",$Q$14=C$18),VLOOKUP("O3",$R$63:$T$91,3,FALSE)+VLOOKUP("CP",$R$63:$T$91,3,FALSE),0)+IF(AND($R23<>"",$R23<>"--",$R23<>"O3/CP",$R$14=C$18),IF(LEFT($R23,1)="P",VLOOKUP(CONCATENATE(LEFT($R23,2),"H"),$R$63:$T$91,3,FALSE),VLOOKUP($R23,$R$63:$T$91,3,FALSE)))+IF(AND($R23<>"",$R23<>"O3/CP",$R$15=C$18,MID($R23,4,1)="2",$R$15<>$R$14),VLOOKUP(CONCATENATE(LEFT($R23,2),"L"),$R$63:$T$91,3,FALSE),0)+IF(AND($R23="O3/CP",$R$14=C$18),VLOOKUP("O3",$R$63:$T$91,3,FALSE)+VLOOKUP("CP",$R$63:$T$91,3,FALSE),0)+IF(AND($S23<>"",$S23<>"--",$S23<>"O3/CP",$S$14=C$18),IF(LEFT($S23,1)="P",VLOOKUP(CONCATENATE(LEFT($S23,2),"H"),$R$63:$T$91,3,FALSE),VLOOKUP($S23,$R$63:$T$91,3,FALSE)))+IF(AND($S23<>"",$S23<>"O3/CP",$S$15=C$18,MID($S23,4,1)="2",$S$15<>$S$14),VLOOKUP(CONCATENATE(LEFT($S23,2),"L"),$R$63:$T$91,3,FALSE),0)+IF(AND($S23="O3/CP",$S$14=C$18),VLOOKUP("O3",$R$63:$T$91,3,FALSE)+VLOOKUP("CP",$R$63:$T$91,3,FALSE),0)+IF(AND($T23<>"",$T23<>"--",$T23<>"O3/CP",$T$14=C$18),IF(LEFT($T23,1)="P",VLOOKUP(CONCATENATE(LEFT($T23,2),"H"),$R$63:$T$91,3,FALSE),VLOOKUP($T23,$R$63:$T$91,3,FALSE)))+IF(AND($T23<>"",$T23<>"O3/CP",$T$15=C$18,MID($T23,4,1)="2",$T$15<>$T$14),VLOOKUP(CONCATENATE(LEFT($T23,2),"L"),$R$63:$T$91,3,FALSE),0)+IF(AND($T23="O3/CP",$T$14=C$18),VLOOKUP("O3",$R$63:$T$91,3,FALSE)+VLOOKUP("CP",$R$63:$T$91,3,FALSE),0)+IF(AND($U23<>"",$U23<>"--",$U23<>"O3/CP",$U$14=C$18),IF(LEFT($U23,1)="P",VLOOKUP(CONCATENATE(LEFT($U23,2),"H"),$R$63:$T$91,3,FALSE),VLOOKUP($U23,$R$63:$T$91,3,FALSE)))+IF(AND($U23<>"",$U23<>"O3/CP",$U$15=C$18,MID($U23,4,1)="2",$U$15<>$U$14),VLOOKUP(CONCATENATE(LEFT($U23,2),"L"),$R$63:$T$91,3,FALSE),0)+IF(AND($U23="O3/CP",$T$14=C$18),VLOOKUP("O3",$R$63:$T$91,3,FALSE)+VLOOKUP("CP",$R$63:$T$91,3,FALSE),0)+IF(AND($V23<>"",$V23<>"--",$V23<>"O3/CP",$V$14=C$18),IF(LEFT($V23,1)="P",VLOOKUP(CONCATENATE(LEFT($V23,2),"H"),$R$63:$T$91,3,FALSE),VLOOKUP($V23,$R$63:$T$91,3,FALSE)))+IF(AND($V23<>"",$V23<>"O3/CP",$V$15=C$18,MID($V23,4,1)="2",$V$15<>$V$14),VLOOKUP(CONCATENATE(LEFT($V23,2),"L"),$R$63:$T$91,3,FALSE),0)+IF(AND($V23="O3/CP",$V$14=C$18),VLOOKUP("O3",$R$63:$T$91,3,FALSE)+VLOOKUP("CP",$R$63:$T$91,3,FALSE),0)+IF(AND($W23<>"",$W23<>"--",$W23<>"O3/CP",$W$14=C$18),IF(LEFT($W23,1)="P",VLOOKUP(CONCATENATE(LEFT($W23,2),"H"),$R$63:$T$91,3,FALSE),VLOOKUP($W23,$R$63:$T$91,3,FALSE)))+IF(AND($W23<>"",$W23<>"O3/CP",$W$15=C$18,MID($W23,4,1)="2",$W$15<>$W$14),VLOOKUP(CONCATENATE(LEFT($W23,2),"L"),$R$63:$T$91,3,FALSE),0)+IF(AND($W23="O3/CP",$W$14=C$18),VLOOKUP("O3",$R$63:$T$91,3,FALSE)+VLOOKUP("CP",$R$63:$T$91,3,FALSE),0)+IF(AND($X23<>"",$X23<>"--",$X23<>"O3/CP",$X$14=C$18),IF(LEFT($X23,1)="P",VLOOKUP(CONCATENATE(LEFT($X23,2),"H"),$R$63:$T$91,3,FALSE),VLOOKUP($X23,$R$63:$T$91,3,FALSE)))+IF(AND($X23<>"",$X23<>"O3/CP",$X$15=C$18,MID($X23,4,1)="2",$X$15<>$X$14),VLOOKUP(CONCATENATE(LEFT($X23,2),"L"),$R$63:$T$91,3,FALSE),0)+IF(AND($X23="O3/CP",$X$14=C$18),VLOOKUP("O3",$R$63:$T$91,3,FALSE)+VLOOKUP("CP",$R$63:$T$91,3,FALSE),0)+IF(AND($Y23<>"",$Y23<>"--",$Y23<>"O3/CP",$Y$14=C$18),IF(LEFT($Y23,1)="P",VLOOKUP(CONCATENATE(LEFT($Y23,2),"H"),$R$63:$T$91,3,FALSE),VLOOKUP($Y23,$R$63:$T$91,3,FALSE)))+IF(AND($Y23<>"",$Y23<>"O3/CP",$Y$15=C$18,MID($Y23,4,1)="2",$Y$15<>$Y$14),VLOOKUP(CONCATENATE(LEFT($Y23,2),"L"),$R$63:$T$91,3,FALSE),0)+IF(AND($Y23="O3/CP",$Y$14=C$18),VLOOKUP("O3",$R$63:$T$91,3,FALSE)+VLOOKUP("CP",$R$63:$T$91,3,FALSE),0)+IF(AND($K$6="CE",'[3]Supply Attribution'!$G$20=C$18),LEFT($S$90,2),0)+IF(AND($X$86<>"Not Set",$X$87=C$18),$X$86,0) -> 12 | D23: =IF(AND($K23<>"",$K23<>"--",$K23<>"O3/CP",$K$14=D$18),IF(LEFT($K23,1)="P",VLOOKUP(CONCATENATE(LEFT($K23,2),"H"),$R$63:$T$91,3,FALSE),VLOOKUP($K23,$R$63:$T$91,3,FALSE)))+IF(AND($K23<>"",$K23<>"O3/CP",$K$15=D$18,MID($K23,4,1)="2",$K$15<>$K$14),VLOOKUP(CONCATENATE(LEFT($K23,2),"L"),$R$63:$T$91,3,FALSE),0)+IF(AND($K23="O3/CP",$K$14=D$18),VLOOKUP("O3",$R$63:$T$91,3,FALSE)+VLOOKUP("CP",$R$63:$T$91,3,FALSE),0)+IF(AND($L23<>"",$L23<>"--",$L23<>"O3/CP",$L$14=D$18),IF(LEFT($L23,1)="P",VLOOKUP(CONCATENATE(LEFT($L23,2),"H"),$R$63:$T$91,3,FALSE),VLOOKUP($L23,$R$63:$T$91,3,FALSE)))+IF(AND($L23<>"",$L23<>"O3/CP",$L$15=D$18,MID($L23,4,1)="2",$L$15<>$L$14),VLOOKUP(CONCATENATE(LEFT($L23,2),"L"),$R$63:$T$91,3,FALSE),0)+IF(AND($L23="O3/CP",$L$14=D$18),VLOOKUP("O3",$R$63:$T$91,3,FALSE)+VLOOKUP("CP",$R$63:$T$91,3,FALSE),0)+IF(AND($M23<>"",$M23<>"--",$M23<>"O3/CP",$M$14=D$18),IF(LEFT($M23,1)="P",VLOOKUP(CONCATENATE(LEFT($M23,2),"H"),$R$63:$T$91,3,FALSE),VLOOKUP($M23,$R$63:$T$91,3,FALSE)))+IF(AND($M23<>"",$M23<>"O3/CP",$M$15=D$18,MID($M23,4,1)="2",$M$15<>$M$14),VLOOKUP(CONCATENATE(LEFT($M23,2),"L"),$R$63:$T$91,3,FALSE),0)+IF(AND($M23="O3/CP",$M$14=D$18),VLOOKUP("O3",$R$63:$T$91,3,FALSE)+VLOOKUP("CP",$R$63:$T$91,3,FALSE),0)+IF(AND($N23<>"",$N23<>"--",$N23<>"O3/CP",$N$14=D$18),IF(LEFT($N23,1)="P",VLOOKUP(CONCATENATE(LEFT($N23,2),"H"),$R$63:$T$91,3,FALSE),VLOOKUP($N23,$R$63:$T$91,3,FALSE)))+IF(AND($N23<>"",$N23<>"O3/CP",$N$15=D$18,MID($N23,4,1)="2",$N$15<>$N$14),VLOOKUP(CONCATENATE(LEFT($N23,2),"L"),$R$63:$T$91,3,FALSE),0)+IF(AND($N23="O3/CP",$N$14=D$18),VLOOKUP("O3",$R$63:$T$91,3,FALSE)+VLOOKUP("CP",$R$63:$T$91,3,FALSE),0)+IF(AND($O23<>"",$O23<>"--",$O23<>"O3/CP",$O$14=D$18),IF(LEFT($O23,1)="P",VLOOKUP(CONCATENATE(LEFT($O23,2),"H"),$R$63:$T$91,3,FALSE),VLOOKUP($O23,$R$63:$T$91,3,FALSE)))+IF(AND($O23<>"",$O23<>"O3/CP",$O$15=D$18,MID($O23,4,1)="2",$O$15<>$O$14),VLOOKUP(CONCATENATE(LEFT($O23,2),"L"),$R$63:$T$91,3,FALSE),0)+IF(AND($O23="O3/CP",$O$14=D$18),VLOOKUP("O3",$R$63:$T$91,3,FALSE)+VLOOKUP("CP",$R$63:$T$91,3,FALSE),0)+IF(AND($P23<>"",$P23<>"--",$P23<>"O3/CP",$P$14=D$18),IF(LEFT($P23,1)="P",VLOOKUP(CONCATENATE(LEFT($P23,2),"H"),$R$63:$T$91,3,FALSE),VLOOKUP($P23,$R$63:$T$91,3,FALSE)))+IF(AND($P23<>"",$P23<>"O3/CP",$P$15=D$18,MID($P23,4,1)="2",$P$15<>$P$14),VLOOKUP(CONCATENATE(LEFT($P23,2),"L"),$R$63:$T$91,3,FALSE),0)+IF(AND($P23="O3/CP",$P$14=D$18),VLOOKUP("O3",$R$63:$T$91,3,FALSE)+VLOOKUP("CP",$R$63:$T$91,3,FALSE),0)+IF(AND($Q23<>"",$Q23<>"--",$Q23<>"O3/CP",$Q$14=D$18),IF(LEFT($Q23,1)="P",VLOOKUP(CONCATENATE(LEFT($Q23,2),"H"),$R$63:$T$91,3,FALSE),VLOOKUP($Q23,$R$63:$T$91,3,FALSE)))+IF(AND($Q23<>"",$Q23<>"O3/CP",$Q$15=D$18,MID($Q23,4,1)="2",$Q$15<>$Q$14),VLOOKUP(CONCATENATE(LEFT($Q23,2),"L"),$R$63:$T$91,3,FALSE),0)+IF(AND($Q23="O3/CP",$Q$14=D$18),VLOOKUP("O3",$R$63:$T$91,3,FALSE)+VLOOKUP("CP",$R$63:$T$91,3,FALSE),0)+IF(AND($R23<>"",$R23<>"--",$R23<>"O3/CP",$R$14=D$18),IF(LEFT($R23,1)="P",VLOOKUP(CONCATENATE(LEFT($R23,2),"H"),$R$63:$T$91,3,FALSE),VLOOKUP($R23,$R$63:$T$91,3,FALSE)))+IF(AND($R23<>"",$R23<>"O3/CP",$R$15=D$18,MID($R23,4,1)="2",$R$15<>$R$14),VLOOKUP(CONCATENATE(LEFT($R23,2),"L"),$R$63:$T$91,3,FALSE),0)+IF(AND($R23="O3/CP",$R$14=D$18),VLOOKUP("O3",$R$63:$T$91,3,FALSE)+VLOOKUP("CP",$R$63:$T$91,3,FALSE),0)+IF(AND($S23<>"",$S23<>"--",$S23<>"O3/CP",$S$14=D$18),IF(LEFT($S23,1)="P",VLOOKUP(CONCATENATE(LEFT($S23,2),"H"),$R$63:$T$91,3,FALSE),VLOOKUP($S23,$R$63:$T$91,3,FALSE)))+IF(AND($S23<>"",$S23<>"O3/CP",$S$15=D$18,MID($S23,4,1)="2",$S$15<>$S$14),VLOOKUP(CONCATENATE(LEFT($S23,2),"L"),$R$63:$T$91,3,FALSE),0)+IF(AND($S23="O3/CP",$S$14=D$18),VLOOKUP("O3",$R$63:$T$91,3,FALSE)+VLOOKUP("CP",$R$63:$T$91,3,FALSE),0)+IF(AND($T23<>"",$T23<>"--",$T23<>"O3/CP",$T$14=D$18),IF(LEFT($T23,1)="P",VLOOKUP(CONCATENATE(LEFT($T23,2),"H"),$R$63:$T$91,3,FALSE),VLOOKUP($T23,$R$63:$T$91,3,FALSE)))+IF(AND($T23<>"",$T23<>"O3/CP",$T$15=D$18,MID($T23,4,1)="2",$T$15<>$T$14),VLOOKUP(CONCATENATE(LEFT($T23,2),"L"),$R$63:$T$91,3,FALSE),0)+IF(AND($T23="O3/CP",$T$14=D$18),VLOOKUP("O3",$R$63:$T$91,3,FALSE)+VLOOKUP("CP",$R$63:$T$91,3,FALSE),0)+IF(AND($U23<>"",$U23<>"--",$U23<>"O3/CP",$U$14=D$18),IF(LEFT($U23,1)="P",VLOOKUP(CONCATENATE(LEFT($U23,2),"H"),$R$63:$T$91,3,FALSE),VLOOKUP($U23,$R$63:$T$91,3,FALSE)))+IF(AND($U23<>"",$U23<>"O3/CP",$U$15=D$18,MID($U23,4,1)="2",$U$15<>$U$14),VLOOKUP(CONCATENATE(LEFT($U23,2),"L"),$R$63:$T$91,3,FALSE),0)+IF(AND($U23="O3/CP",$T$14=D$18),VLOOKUP("O3",$R$63:$T$91,3,FALSE)+VLOOKUP("CP",$R$63:$T$91,3,FALSE),0)+IF(AND($V23<>"",$V23<>"--",$V23<>"O3/CP",$V$14=D$18),IF(LEFT($V23,1)="P",VLOOKUP(CONCATENATE(LEFT($V23,2),"H"),$R$63:$T$91,3,FALSE),VLOOKUP($V23,$R$63:$T$91,3,FALSE)))+IF(AND($V23<>"",$V23<>"O3/CP",$V$15=D$18,MID($V23,4,1)="2",$V$15<>$V$14),VLOOKUP(CONCATENATE(LEFT($V23,2),"L"),$R$63:$T$91,3,FALSE),0)+IF(AND($V23="O3/CP",$V$14=D$18),VLOOKUP("O3",$R$63:$T$91,3,FALSE)+VLOOKUP("CP",$R$63:$T$91,3,FALSE),0)+IF(AND($W23<>"",$W23<>"--",$W23<>"O3/CP",$W$14=D$18),IF(LEFT($W23,1)="P",VLOOKUP(CONCATENATE(LEFT($W23,2),"H"),$R$63:$T$91,3,FALSE),VLOOKUP($W23,$R$63:$T$91,3,FALSE)))+IF(AND($W23<>"",$W23<>"O3/CP",$W$15=D$18,MID($W23,4,1)="2",$W$15<>$W$14),VLOOKUP(CONCATENATE(LEFT($W23,2),"L"),$R$63:$T$91,3,FALSE),0)+IF(AND($W23="O3/CP",$W$14=D$18),VLOOKUP("O3",$R$63:$T$91,3,FALSE)+VLOOKUP("CP",$R$63:$T$91,3,FALSE),0)+IF(AND($X23<>"",$X23<>"--",$X23<>"O3/CP",$X$14=D$18),IF(LEFT($X23,1)="P",VLOOKUP(CONCATENATE(LEFT($X23,2),"H"),$R$63:$T$91,3,FALSE),VLOOKUP($X23,$R$63:$T$91,3,FALSE)))+IF(AND($X23<>"",$X23<>"O3/CP",$X$15=D$18,MID($X23,4,1)="2",$X$15<>$X$14),VLOOKUP(CONCATENATE(LEFT($X23,2),"L"),$R$63:$T$91,3,FALSE),0)+IF(AND($X23="O3/CP",$X$14=D$18),VLOOKUP("O3",$R$63:$T$91,3,FALSE)+VLOOKUP("CP",$R$63:$T$91,3,FALSE),0)+IF(AND($Y23<>"",$Y23<>"--",$Y23<>"O3/CP",$Y$14=D$18),IF(LEFT($Y23,1)="P",VLOOKUP(CONCATENATE(LEFT($Y23,2),"H"),$R$63:$T$91,3,FALSE),VLOOKUP($Y23,$R$63:$T$91,3,FALSE)))+IF(AND($Y23<>"",$Y23<>"O3/CP",$Y$15=D$18,MID($Y23,4,1)="2",$Y$15<>$Y$14),VLOOKUP(CONCATENATE(LEFT($Y23,2),"L"),$R$63:$T$91,3,FALSE),0)+IF(AND($Y23="O3/CP",$Y$14=D$18),VLOOKUP("O3",$R$63:$T$91,3,FALSE)+VLOOKUP("CP",$R$63:$T$91,3,FALSE),0)+IF(AND($K$6="CE",'[3]Supply Attribution'!$G$20=D$18),LEFT($S$90,2),0)+IF(AND($X$86<>"Not Set",$X$87=D$18),$X$86,0) -> 0 | E23: =IF(AND($K23<>"",$K23<>"--",$K23<>"O3/CP",$K$14=E$18),IF(LEFT($K23,1)="P",VLOOKUP(CONCATENATE(LEFT($K23,2),"H"),$R$63:$T$91,3,FALSE),VLOOKUP($K23,$R$63:$T$91,3,FALSE)))+IF(AND($K23<>"",$K23<>"O3/CP",$K$15=E$18,MID($K23,4,1)="2",$K$15<>$K$14),VLOOKUP(CONCATENATE(LEFT($K23,2),"L"),$R$63:$T$91,3,FALSE),0)+IF(AND($K23="O3/CP",$K$14=E$18),VLOOKUP("O3",$R$63:$T$91,3,FALSE)+VLOOKUP("CP",$R$63:$T$91,3,FALSE),0)+IF(AND($L23<>"",$L23<>"--",$L23<>"O3/CP",$L$14=E$18),IF(LEFT($L23,1)="P",VLOOKUP(CONCATENATE(LEFT($L23,2),"H"),$R$63:$T$91,3,FALSE),VLOOKUP($L23,$R$63:$T$91,3,FALSE)))+IF(AND($L23<>"",$L23<>"O3/CP",$L$15=E$18,MID($L23,4,1)="2",$L$15<>$L$14),VLOOKUP(CONCATENATE(LEFT($L23,2),"L"),$R$63:$T$91,3,FALSE),0)+IF(AND($L23="O3/CP",$L$14=E$18),VLOOKUP("O3",$R$63:$T$91,3,FALSE)+VLOOKUP("CP",$R$63:$T$91,3,FALSE),0)+IF(AND($M23<>"",$M23<>"--",$M23<>"O3/CP",$M$14=E$18),IF(LEFT($M23,1)="P",VLOOKUP(CONCATENATE(LEFT($M23,2),"H"),$R$63:$T$91,3,FALSE),VLOOKUP($M23,$R$63:$T$91,3,FALSE)))+IF(AND($M23<>"",$M23<>"O3/CP",$M$15=E$18,MID($M23,4,1)="2",$M$15<>$M$14),VLOOKUP(CONCATENATE(LEFT($M23,2),"L"),$R$63:$T$91,3,FALSE),0)+IF(AND($M23="O3/CP",$M$14=E$18),VLOOKUP("O3",$R$63:$T$91,3,FALSE)+VLOOKUP("CP",$R$63:$T$91,3,FALSE),0)+IF(AND($N23<>"",$N23<>"--",$N23<>"O3/CP",$N$14=E$18),IF(LEFT($N23,1)="P",VLOOKUP(CONCATENATE(LEFT($N23,2),"H"),$R$63:$T$91,3,FALSE),VLOOKUP($N23,$R$63:$T$91,3,FALSE)))+IF(AND($N23<>"",$N23<>"O3/CP",$N$15=E$18,MID($N23,4,1)="2",$N$15<>$N$14),VLOOKUP(CONCATENATE(LEFT($N23,2),"L"),$R$63:$T$91,3,FALSE),0)+IF(AND($N23="O3/CP",$N$14=E$18),VLOOKUP("O3",$R$63:$T$91,3,FALSE)+VLOOKUP("CP",$R$63:$T$91,3,FALSE),0)+IF(AND($O23<>"",$O23<>"--",$O23<>"O3/CP",$O$14=E$18),IF(LEFT($O23,1)="P",VLOOKUP(CONCATENATE(LEFT($O23,2),"H"),$R$63:$T$91,3,FALSE),VLOOKUP($O23,$R$63:$T$91,3,FALSE)))+IF(AND($O23<>"",$O23<>"O3/CP",$O$15=E$18,MID($O23,4,1)="2",$O$15<>$O$14),VLOOKUP(CONCATENATE(LEFT($O23,2),"L"),$R$63:$T$91,3,FALSE),0)+IF(AND($O23="O3/CP",$O$14=E$18),VLOOKUP("O3",$R$63:$T$91,3,FALSE)+VLOOKUP("CP",$R$63:$T$91,3,FALSE),0)+IF(AND($P23<>"",$P23<>"--",$P23<>"O3/CP",$P$14=E$18),IF(LEFT($P23,1)="P",VLOOKUP(CONCATENATE(LEFT($P23,2),"H"),$R$63:$T$91,3,FALSE),VLOOKUP($P23,$R$63:$T$91,3,FALSE)))+IF(AND($P23<>"",$P23<>"O3/CP",$P$15=E$18,MID($P23,4,1)="2",$P$15<>$P$14),VLOOKUP(CONCATENATE(LEFT($P23,2),"L"),$R$63:$T$91,3,FALSE),0)+IF(AND($P23="O3/CP",$P$14=E$18),VLOOKUP("O3",$R$63:$T$91,3,FALSE)+VLOOKUP("CP",$R$63:$T$91,3,FALSE),0)+IF(AND($Q23<>"",$Q23<>"--",$Q23<>"O3/CP",$Q$14=E$18),IF(LEFT($Q23,1)="P",VLOOKUP(CONCATENATE(LEFT($Q23,2),"H"),$R$63:$T$91,3,FALSE),VLOOKUP($Q23,$R$63:$T$91,3,FALSE)))+IF(AND($Q23<>"",$Q23<>"O3/CP",$Q$15=E$18,MID($Q23,4,1)="2",$Q$15<>$Q$14),VLOOKUP(CONCATENATE(LEFT($Q23,2),"L"),$R$63:$T$91,3,FALSE),0)+IF(AND($Q23="O3/CP",$Q$14=E$18),VLOOKUP("O3",$R$63:$T$91,3,FALSE)+VLOOKUP("CP",$R$63:$T$91,3,FALSE),0)+IF(AND($R23<>"",$R23<>"--",$R23<>"O3/CP",$R$14=E$18),IF(LEFT($R23,1)="P",VLOOKUP(CONCATENATE(LEFT($R23,2),"H"),$R$63:$T$91,3,FALSE),VLOOKUP($R23,$R$63:$T$91,3,FALSE)))+IF(AND($R23<>"",$R23<>"O3/CP",$R$15=E$18,MID($R23,4,1)="2",$R$15<>$R$14),VLOOKUP(CONCATENATE(LEFT($R23,2),"L"),$R$63:$T$91,3,FALSE),0)+IF(AND($R23="O3/CP",$R$14=E$18),VLOOKUP("O3",$R$63:$T$91,3,FALSE)+VLOOKUP("CP",$R$63:$T$91,3,FALSE),0)+IF(AND($S23<>"",$S23<>"--",$S23<>"O3/CP",$S$14=E$18),IF(LEFT($S23,1)="P",VLOOKUP(CONCATENATE(LEFT($S23,2),"H"),$R$63:$T$91,3,FALSE),VLOOKUP($S23,$R$63:$T$91,3,FALSE)))+IF(AND($S23<>"",$S23<>"O3/CP",$S$15=E$18,MID($S23,4,1)="2",$S$15<>$S$14),VLOOKUP(CONCATENATE(LEFT($S23,2),"L"),$R$63:$T$91,3,FALSE),0)+IF(AND($S23="O3/CP",$S$14=E$18),VLOOKUP("O3",$R$63:$T$91,3,FALSE)+VLOOKUP("CP",$R$63:$T$91,3,FALSE),0)+IF(AND($T23<>"",$T23<>"--",$T23<>"O3/CP",$T$14=E$18),IF(LEFT($T23,1)="P",VLOOKUP(CONCATENATE(LEFT($T23,2),"H"),$R$63:$T$91,3,FALSE),VLOOKUP($T23,$R$63:$T$91,3,FALSE)))+IF(AND($T23<>"",$T23<>"O3/CP",$T$15=E$18,MID($T23,4,1)="2",$T$15<>$T$14),VLOOKUP(CONCATENATE(LEFT($T23,2),"L"),$R$63:$T$91,3,FALSE),0)+IF(AND($T23="O3/CP",$T$14=E$18),VLOOKUP("O3",$R$63:$T$91,3,FALSE)+VLOOKUP("CP",$R$63:$T$91,3,FALSE),0)+IF(AND($U23<>"",$U23<>"--",$U23<>"O3/CP",$U$14=E$18),IF(LEFT($U23,1)="P",VLOOKUP(CONCATENATE(LEFT($U23,2),"H"),$R$63:$T$91,3,FALSE),VLOOKUP($U23,$R$63:$T$91,3,FALSE)))+IF(AND($U23<>"",$U23<>"O3/CP",$U$15=E$18,MID($U23,4,1)="2",$U$15<>$U$14),VLOOKUP(CONCATENATE(LEFT($U23,2),"L"),$R$63:$T$91,3,FALSE),0)+IF(AND($U23="O3/CP",$T$14=E$18),VLOOKUP("O3",$R$63:$T$91,3,FALSE)+VLOOKUP("CP",$R$63:$T$91,3,FALSE),0)+IF(AND($V23<>"",$V23<>"--",$V23<>"O3/CP",$V$14=E$18),IF(LEFT($V23,1)="P",VLOOKUP(CONCATENATE(LEFT($V23,2),"H"),$R$63:$T$91,3,FALSE),VLOOKUP($V23,$R$63:$T$91,3,FALSE)))+IF(AND($V23<>"",$V23<>"O3/CP",$V$15=E$18,MID($V23,4,1)="2",$V$15<>$V$14),VLOOKUP(CONCATENATE(LEFT($V23,2),"L"),$R$63:$T$91,3,FALSE),0)+IF(AND($V23="O3/CP",$V$14=E$18),VLOOKUP("O3",$R$63:$T$91,3,FALSE)+VLOOKUP("CP",$R$63:$T$91,3,FALSE),0)+IF(AND($W23<>"",$W23<>"--",$W23<>"O3/CP",$W$14=E$18),IF(LEFT($W23,1)="P",VLOOKUP(CONCATENATE(LEFT($W23,2),"H"),$R$63:$T$91,3,FALSE),VLOOKUP($W23,$R$63:$T$91,3,FALSE)))+IF(AND($W23<>"",$W23<>"O3/CP",$W$15=E$18,MID($W23,4,1)="2",$W$15<>$W$14),VLOOKUP(CONCATENATE(LEFT($W23,2),"L"),$R$63:$T$91,3,FALSE),0)+IF(AND($W23="O3/CP",$W$14=E$18),VLOOKUP("O3",$R$63:$T$91,3,FALSE)+VLOOKUP("CP",$R$63:$T$91,3,FALSE),0)+IF(AND($X23<>"",$X23<>"--",$X23<>"O3/CP",$X$14=E$18),IF(LEFT($X23,1)="P",VLOOKUP(CONCATENATE(LEFT($X23,2),"H"),$R$63:$T$91,3,FALSE),VLOOKUP($X23,$R$63:$T$91,3,FALSE)))+IF(AND($X23<>"",$X23<>"O3/CP",$X$15=E$18,MID($X23,4,1)="2",$X$15<>$X$14),VLOOKUP(CONCATENATE(LEFT($X23,2),"L"),$R$63:$T$91,3,FALSE),0)+IF(AND($X23="O3/CP",$X$14=E$18),VLOOKUP("O3",$R$63:$T$91,3,FALSE)+VLOOKUP("CP",$R$63:$T$91,3,FALSE),0)+IF(AND($Y23<>"",$Y23<>"--",$Y23<>"O3/CP",$Y$14=E$18),IF(LEFT($Y23,1)="P",VLOOKUP(CONCATENATE(LEFT($Y23,2),"H"),$R$63:$T$91,3,FALSE),VLOOKUP($Y23,$R$63:$T$91,3,FALSE)))+IF(AND($Y23<>"",$Y23<>"O3/CP",$Y$15=E$18,MID($Y23,4,1)="2",$Y$15<>$Y$14),VLOOKUP(CONCATENATE(LEFT($Y23,2),"L"),$R$63:$T$91,3,FALSE),0)+IF(AND($Y23="O3/CP",$Y$14=E$18),VLOOKUP("O3",$R$63:$T$91,3,FALSE)+VLOOKUP("CP",$R$63:$T$91,3,FALSE),0)+IF(AND($K$6="CE",'[3]Supply Attribution'!$G$20=E$18),LEFT($S$90,2),0)+IF(AND($X$86<>"Not Set",$X$87=E$18),$X$86,0) -> 0 | F23: =IF(AND($K23<>"",$K23<>"--",$K23<>"O3/CP",$K$14=F$18),IF(LEFT($K23,1)="P",VLOOKUP(CONCATENATE(LEFT($K23,2),"H"),$R$63:$T$91,3,FALSE),VLOOKUP($K23,$R$63:$T$91,3,FALSE)))+IF(AND($K23<>"",$K23<>"O3/CP",$K$15=F$18,MID($K23,4,1)="2",$K$15<>$K$14),VLOOKUP(CONCATENATE(LEFT($K23,2),"L"),$R$63:$T$91,3,FALSE),0)+IF(AND($K23="O3/CP",$K$14=F$18),VLOOKUP("O3",$R$63:$T$91,3,FALSE)+VLOOKUP("CP",$R$63:$T$91,3,FALSE),0)+IF(AND($L23<>"",$L23<>"--",$L23<>"O3/CP",$L$14=F$18),IF(LEFT($L23,1)="P",VLOOKUP(CONCATENATE(LEFT($L23,2),"H"),$R$63:$T$91,3,FALSE),VLOOKUP($L23,$R$63:$T$91,3,FALSE)))+IF(AND($L23<>"",$L23<>"O3/CP",$L$15=F$18,MID($L23,4,1)="2",$L$15<>$L$14),VLOOKUP(CONCATENATE(LEFT($L23,2),"L"),$R$63:$T$91,3,FALSE),0)+IF(AND($L23="O3/CP",$L$14=F$18),VLOOKUP("O3",$R$63:$T$91,3,FALSE)+VLOOKUP("CP",$R$63:$T$91,3,FALSE),0)+IF(AND($M23<>"",$M23<>"--",$M23<>"O3/CP",$M$14=F$18),IF(LEFT($M23,1)="P",VLOOKUP(CONCATENATE(LEFT($M23,2),"H"),$R$63:$T$91,3,FALSE),VLOOKUP($M23,$R$63:$T$91,3,FALSE)))+IF(AND($M23<>"",$M23<>"O3/CP",$M$15=F$18,MID($M23,4,1)="2",$M$15<>$M$14),VLOOKUP(CONCATENATE(LEFT($M23,2),"L"),$R$63:$T$91,3,FALSE),0)+IF(AND($M23="O3/CP",$M$14=F$18),VLOOKUP("O3",$R$63:$T$91,3,FALSE)+VLOOKUP("CP",$R$63:$T$91,3,FALSE),0)+IF(AND($N23<>"",$N23<>"--",$N23<>"O3/CP",$N$14=F$18),IF(LEFT($N23,1)="P",VLOOKUP(CONCATENATE(LEFT($N23,2),"H"),$R$63:$T$91,3,FALSE),VLOOKUP($N23,$R$63:$T$91,3,FALSE)))+IF(AND($N23<>"",$N23<>"O3/CP",$N$15=F$18,MID($N23,4,1)="2",$N$15<>$N$14),VLOOKUP(CONCATENATE(LEFT($N23,2),"L"),$R$63:$T$91,3,FALSE),0)+IF(AND($N23="O3/CP",$N$14=F$18),VLOOKUP("O3",$R$63:$T$91,3,FALSE)+VLOOKUP("CP",$R$63:$T$91,3,FALSE),0)+IF(AND($O23<>"",$O23<>"--",$O23<>"O3/CP",$O$14=F$18),IF(LEFT($O23,1)="P",VLOOKUP(CONCATENATE(LEFT($O23,2),"H"),$R$63:$T$91,3,FALSE),VLOOKUP($O23,$R$63:$T$91,3,FALSE)))+IF(AND($O23<>"",$O23<>"O3/CP",$O$15=F$18,MID($O23,4,1)="2",$O$15<>$O$14),VLOOKUP(CONCATENATE(LEFT($O23,2),"L"),$R$63:$T$91,3,FALSE),0)+IF(AND($O23="O3/CP",$O$14=F$18),VLOOKUP("O3",$R$63:$T$91,3,FALSE)+VLOOKUP("CP",$R$63:$T$91,3,FALSE),0)+IF(AND($P23<>"",$P23<>"--",$P23<>"O3/CP",$P$14=F$18),IF(LEFT($P23,1)="P",VLOOKUP(CONCATENATE(LEFT($P23,2),"H"),$R$63:$T$91,3,FALSE),VLOOKUP($P23,$R$63:$T$91,3,FALSE)))+IF(AND($P23<>"",$P23<>"O3/CP",$P$15=F$18,MID($P23,4,1)="2",$P$15<>$P$14),VLOOKUP(CONCATENATE(LEFT($P23,2),"L"),$R$63:$T$91,3,FALSE),0)+IF(AND($P23="O3/CP",$P$14=F$18),VLOOKUP("O3",$R$63:$T$91,3,FALSE)+VLOOKUP("CP",$R$63:$T$91,3,FALSE),0)+IF(AND($Q23<>"",$Q23<>"--",$Q23<>"O3/CP",$Q$14=F$18),IF(LEFT($Q23,1)="P",VLOOKUP(CONCATENATE(LEFT($Q23,2),"H"),$R$63:$T$91,3,FALSE),VLOOKUP($Q23,$R$63:$T$91,3,FALSE)))+IF(AND($Q23<>"",$Q23<>"O3/CP",$Q$15=F$18,MID($Q23,4,1)="2",$Q$15<>$Q$14),VLOOKUP(CONCATENATE(LEFT($Q23,2),"L"),$R$63:$T$91,3,FALSE),0)+IF(AND($Q23="O3/CP",$Q$14=F$18),VLOOKUP("O3",$R$63:$T$91,3,FALSE)+VLOOKUP("CP",$R$63:$T$91,3,FALSE),0)+IF(AND($R23<>"",$R23<>"--",$R23<>"O3/CP",$R$14=F$18),IF(LEFT($R23,1)="P",VLOOKUP(CONCATENATE(LEFT($R23,2),"H"),$R$63:$T$91,3,FALSE),VLOOKUP($R23,$R$63:$T$91,3,FALSE)))+IF(AND($R23<>"",$R23<>"O3/CP",$R$15=F$18,MID($R23,4,1)="2",$R$15<>$R$14),VLOOKUP(CONCATENATE(LEFT($R23,2),"L"),$R$63:$T$91,3,FALSE),0)+IF(AND($R23="O3/CP",$R$14=F$18),VLOOKUP("O3",$R$63:$T$91,3,FALSE)+VLOOKUP("CP",$R$63:$T$91,3,FALSE),0)+IF(AND($S23<>"",$S23<>"--",$S23<>"O3/CP",$S$14=F$18),IF(LEFT($S23,1)="P",VLOOKUP(CONCATENATE(LEFT($S23,2),"H"),$R$63:$T$91,3,FALSE),VLOOKUP($S23,$R$63:$T$91,3,FALSE)))+IF(AND($S23<>"",$S23<>"O3/CP",$S$15=F$18,MID($S23,4,1)="2",$S$15<>$S$14),VLOOKUP(CONCATENATE(LEFT($S23,2),"L"),$R$63:$T$91,3,FALSE),0)+IF(AND($S23="O3/CP",$S$14=F$18),VLOOKUP("O3",$R$63:$T$91,3,FALSE)+VLOOKUP("CP",$R$63:$T$91,3,FALSE),0)+IF(AND($T23<>"",$T23<>"--",$T23<>"O3/CP",$T$14=F$18),IF(LEFT($T23,1)="P",VLOOKUP(CONCATENATE(LEFT($T23,2),"H"),$R$63:$T$91,3,FALSE),VLOOKUP($T23,$R$63:$T$91,3,FALSE)))+IF(AND($T23<>"",$T23<>"O3/CP",$T$15=F$18,MID($T23,4,1)="2",$T$15<>$T$14),VLOOKUP(CONCATENATE(LEFT($T23,2),"L"),$R$63:$T$91,3,FALSE),0)+IF(AND($T23="O3/CP",$T$14=F$18),VLOOKUP("O3",$R$63:$T$91,3,FALSE)+VLOOKUP("CP",$R$63:$T$91,3,FALSE),0)+IF(AND($U23<>"",$U23<>"--",$U23<>"O3/CP",$U$14=F$18),IF(LEFT($U23,1)="P",VLOOKUP(CONCATENATE(LEFT($U23,2),"H"),$R$63:$T$91,3,FALSE),VLOOKUP($U23,$R$63:$T$91,3,FALSE)))+IF(AND($U23<>"",$U23<>"O3/CP",$U$15=F$18,MID($U23,4,1)="2",$U$15<>$U$14),VLOOKUP(CONCATENATE(LEFT($U23,2),"L"),$R$63:$T$91,3,FALSE),0)+IF(AND($U23="O3/CP",$T$14=F$18),VLOOKUP("O3",$R$63:$T$91,3,FALSE)+VLOOKUP("CP",$R$63:$T$91,3,FALSE),0)+IF(AND($V23<>"",$V23<>"--",$V23<>"O3/CP",$V$14=F$18),IF(LEFT($V23,1)="P",VLOOKUP(CONCATENATE(LEFT($V23,2),"H"),$R$63:$T$91,3,FALSE),VLOOKUP($V23,$R$63:$T$91,3,FALSE)))+IF(AND($V23<>"",$V23<>"O3/CP",$V$15=F$18,MID($V23,4,1)="2",$V$15<>$V$14),VLOOKUP(CONCATENATE(LEFT($V23,2),"L"),$R$63:$T$91,3,FALSE),0)+IF(AND($V23="O3/CP",$V$14=F$18),VLOOKUP("O3",$R$63:$T$91,3,FALSE)+VLOOKUP("CP",$R$63:$T$91,3,FALSE),0)+IF(AND($W23<>"",$W23<>"--",$W23<>"O3/CP",$W$14=F$18),IF(LEFT($W23,1)="P",VLOOKUP(CONCATENATE(LEFT($W23,2),"H"),$R$63:$T$91,3,FALSE),VLOOKUP($W23,$R$63:$T$91,3,FALSE)))+IF(AND($W23<>"",$W23<>"O3/CP",$W$15=F$18,MID($W23,4,1)="2",$W$15<>$W$14),VLOOKUP(CONCATENATE(LEFT($W23,2),"L"),$R$63:$T$91,3,FALSE),0)+IF(AND($W23="O3/CP",$W$14=F$18),VLOOKUP("O3",$R$63:$T$91,3,FALSE)+VLOOKUP("CP",$R$63:$T$91,3,FALSE),0)+IF(AND($X23<>"",$X23<>"--",$X23<>"O3/CP",$X$14=F$18),IF(LEFT($X23,1)="P",VLOOKUP(CONCATENATE(LEFT($X23,2),"H"),$R$63:$T$91,3,FALSE),VLOOKUP($X23,$R$63:$T$91,3,FALSE)))+IF(AND($X23<>"",$X23<>"O3/CP",$X$15=F$18,MID($X23,4,1)="2",$X$15<>$X$14),VLOOKUP(CONCATENATE(LEFT($X23,2),"L"),$R$63:$T$91,3,FALSE),0)+IF(AND($X23="O3/CP",$X$14=F$18),VLOOKUP("O3",$R$63:$T$91,3,FALSE)+VLOOKUP("CP",$R$63:$T$91,3,FALSE),0)+IF(AND($Y23<>"",$Y23<>"--",$Y23<>"O3/CP",$Y$14=F$18),IF(LEFT($Y23,1)="P",VLOOKUP(CONCATENATE(LEFT($Y23,2),"H"),$R$63:$T$91,3,FALSE),VLOOKUP($Y23,$R$63:$T$91,3,FALSE)))+IF(AND($Y23<>"",$Y23<>"O3/CP",$Y$15=F$18,MID($Y23,4,1)="2",$Y$15<>$Y$14),VLOOKUP(CONCATENATE(LEFT($Y23,2),"L"),$R$63:$T$91,3,FALSE),0)+IF(AND($Y23="O3/CP",$Y$14=F$18),VLOOKUP("O3",$R$63:$T$91,3,FALSE)+VLOOKUP("CP",$R$63:$T$91,3,FALSE),0)+IF(AND($K$6="CE",'[3]Supply Attribution'!$G$20=F$18),LEFT($S$90,2),0)+IF(AND($X$86<>"Not Set",$X$87=F$18),$X$86,0) -> 0 | G23: =IF(AND($K$6="CE",$T$59="1 Phase"),SUM(A23:F23)-IF(AND($K$14<>$K$15,RIGHT($K23,3)="2SP"),VLOOKUP(CONCATENATE(LEFT($K23,2),"L"),$R$63:$T$90,3,FALSE),0)-IF(AND($L$14<>$L$15,RIGHT($L23,3)="2SP"),VLOOKUP(CONCATENATE(LEFT($L23,2),"L"),$R$63:$T$90,3,FALSE),0)-IF(AND($M$14<>$M$15,RIGHT($M23,3)="2SP"),VLOOKUP(CONCATENATE(LEFT($M23,2),"L"),$R$63:$T$90,3,FALSE),0)-IF(AND($N$14<>$N$15,RIGHT($N23,3)="2SP"),VLOOKUP(CONCATENATE(LEFT($N23,2),"L"),$R$63:$T$90,3,FALSE),0)-IF(AND($O$14<>$O$15,RIGHT($O23,3)="2SP"),VLOOKUP(CONCATENATE(LEFT($O23,2),"L"),$R$63:$T$90,3,FALSE),0)-IF(AND($P$14<>$P$15,RIGHT($P23,3)="2SP"),VLOOKUP(CONCATENATE(LEFT($P23,2),"L"),$R$63:$T$90,3,FALSE),0)-IF(AND($Q$14<>$Q$15,RIGHT($Q23,3)="2SP"),VLOOKUP(CONCATENATE(LEFT($Q23,2),"L"),$R$63:$T$90,3,FALSE),0)-IF(AND($R$14<>$R$15,RIGHT($T23,3)="2SP"),VLOOKUP(CONCATENATE(LEFT($R23,2),"L"),$R$63:$T$90,3,FALSE),0)-IF(AND($S$14<>$S$15,RIGHT($T23,3)="2SP"),VLOOKUP(CONCATENATE(LEFT($S23,2),"L"),$R$63:$T$90,3,FALSE),0)-IF(AND($T$14<>$T$15,RIGHT($T23,3)="2SP"),VLOOKUP(CONCATENATE(LEFT($T23,2),"L"),$R$63:$T$90,3,FALSE),0)-IF(AND($U$14<>$U$15,RIGHT($U23,3)="2SP"),VLOOKUP(CONCATENATE(LEFT($U23,2),"L"),$R$63:$T$90,3,FALSE),0)-IF(AND($V$14<>$V$15,RIGHT($V23,3)="2SP"),VLOOKUP(CONCATENATE(LEFT($V23,2),"L"),$R$63:$T$90,3,FALSE),0)-IF(AND($W$14<>$W$15,RIGHT($W23,3)="2SP"),VLOOKUP(CONCATENATE(LEFT($W23,2),"L"),$R$63:$T$90,3,FALSE),0)-IF(AND($X$14<>$X$15,RIGHT($X23,3)="2SP"),VLOOKUP(CONCATENATE(LEFT($X23,2),"L"),$R$63:$T$90,3,FALSE),0)-IF(AND($Y$14<>$Y$15,RIGHT($Y23,3)="2SP"),VLOOKUP(CONCATENATE(LEFT($Y23,2),"L"),$R$63:$T$90,3,FALSE),0),IF(VLOOKUP(CONCATENATE($A$18,"Line"),'[3]Supply Attribution'!$F$31:$G$37,2,FALSE)=G$18,$A23,0)+IF(VLOOKUP(CONCATENATE($B$18,"Line"),'[3]Supply Attribution'!$F$31:$G$37,2,FALSE)=G$18,$B23,0)+IF(VLOOKUP(CONCATENATE($C$18,"Line"),'[3]Supply Attribution'!$F$31:$G$37,2,FALSE)=G$18,$C23,0)+IF(VLOOKUP(CONCATENATE($D$18,"Line"),'[3]Supply Attribution'!$F$31:$G$37,2,FALSE)=G$18,$D23,0)+IF(VLOOKUP(CONCATENATE($E$18,"Line"),'[3]Supply Attribution'!$F$31:$G$37,2,FALSE)=G$18,$E23,0)+IF(VLOOKUP(CONCATENATE($F$18,"Line"),'[3]Supply Attribution'!$F$31:$G$37,2,FALSE)=G$18,$F23,0)+IF($K$6="UL",LEFT($S$90,2),0)-IF(AND($K$16=G$18,$K$14<>$K$15,$K$16=$K$17,RIGHT($K23,3)="2SP"),VLOOKUP(CONCATENATE(LEFT($K23,2),"L"),$R$63:$T$90,3,FALSE),0)-IF(AND($L$16=G$18,$L$14<>$L$15,$L$16=$L$17,RIGHT($L23,3)="2SP"),VLOOKUP(CONCATENATE(LEFT($L23,2),"L"),$R$63:$T$90,3,FALSE),0)-IF(AND($M$16=G$18,$M$14<>$M$15,$M$16=$M$17,RIGHT($M23,3)="2SP"),VLOOKUP(CONCATENATE(LEFT($M23,2),"L"),$R$63:$T$90,3,FALSE),0)-IF(AND($N$16=G$18,$N$14<>$N$15,$N$16=$N$17,RIGHT($N23,3)="2SP"),VLOOKUP(CONCATENATE(LEFT($N23,2),"L"),$R$63:$T$90,3,FALSE),0)-IF(AND($O$16=G$18,$O$14<>$O$15,$O$16=$O$17,RIGHT($O23,3)="2SP"),VLOOKUP(CONCATENATE(LEFT($O23,2),"L"),$R$63:$T$90,3,FALSE),0)-IF(AND($P$16=G$18,$P$14<>$P$15,$P$16=$P$17,RIGHT($P23,3)="2SP"),VLOOKUP(CONCATENATE(LEFT($P23,2),"L"),$R$63:$T$90,3,FALSE),0)-IF(AND($Q$16=G$18,$Q$14<>$Q$15,$Q$16=$Q$17,RIGHT($Q23,3)="2SP"),VLOOKUP(CONCATENATE(LEFT($Q23,2),"L"),$R$63:$T$90,3,FALSE),0)-IF(AND($R$16=G$18,$R$14<>$R$15,$R$16=$R$17,RIGHT($R23,3)="2SP"),VLOOKUP(CONCATENATE(LEFT($R23,2),"L"),$R$63:$T$90,3,FALSE),0)-IF(AND($S$16=G$18,$S$14<>$S$15,$S$16=$S$17,RIGHT($S23,3)="2SP"),VLOOKUP(CONCATENATE(LEFT($S23,2),"L"),$R$63:$T$90,3,FALSE),0)-IF(AND($T$16=G$18,$T$14<>$T$15,$T$16=$T$17,RIGHT($T23,3)="2SP"),VLOOKUP(CONCATENATE(LEFT($T23,2),"L"),$R$63:$T$90,3,FALSE),0)-IF(AND($U$16=G$18,$U$14<>$U$15,$U$16=$U$17,RIGHT($U23,3)="2SP"),VLOOKUP(CONCATENATE(LEFT($U23,2),"L"),$R$63:$T$90,3,FALSE),0)-IF(AND($V$16=G$18,$V$14<>$V$15,$V$16=$V$17,RIGHT($V23,3)="2SP"),VLOOKUP(CONCATENATE(LEFT($V23,2),"L"),$R$63:$T$90,3,FALSE),0)-IF(AND($W$16=G$18,$W$14<>$W$15,$W$16=$W$17,RIGHT($W23,3)="2SP"),VLOOKUP(CONCATENATE(LEFT($W23,2),"L"),$R$63:$T$90,3,FALSE),0)-IF(AND($X$16=G$18,$X$14<>$X$15,$X$16=$X$17,RIGHT($X23,3)="2SP"),VLOOKUP(CONCATENATE(LEFT($X23,2),"L"),$R$63:$T$90,3,FALSE),0)-IF(AND($Y$16=G$18,$Y$14<>$Y$15,$Y$16=$Y$17,RIGHT($Y23,3)="2SP"),VLOOKUP(CONCATENATE(LEFT($Y23,2),"L"),$R$63:$T$90,3,FALSE),0)) -> 44 | H23: =IF(H$18<>"",IF(VLOOKUP(CONCATENATE($A$18,"Line"),'Supply Attribution'!$F$31:$G$37,2,FALSE)=H$18,$A23,0)+IF(VLOOKUP(CONCATENATE($B$18,"Line"),'Supply Attribution'!$F$31:$G$37,2,FALSE)=H$18,$B23,0)+IF(VLOOKUP(CONCATENATE($C$18,"Line"),'Supply Attribution'!$F$31:$G$37,2,FALSE)=H$18,$C23,0)+IF(VLOOKUP(CONCATENATE($D$18,"Line"),'Supply Attribution'!$F$31:$G$37,2,FALSE)=H$18,$D23,0)+IF(VLOOKUP(CONCATENATE($E$18,"Line"),'Supply Attribution'!$F$31:$G$37,2,FALSE)=H$18,$E23,0)+IF(VLOOKUP(CONCATENATE($F$18,"Line"),'Supply Attribution'!$F$31:$G$37,2,FALSE)=H$18,$F23,0)+IF($K$6="UL",LEFT($S$90,2),0)-IF(AND($K$16=H$18,$K$14<>$K$15,$K$16=$K$17,RIGHT($K23,3)="2SP"),VLOOKUP(CONCATENATE(LEFT($K23,2),"L"),$R$63:$T$90,3,FALSE),0)-IF(AND($L$16=H$18,$L$14<>$L$15,$L$16=$L$17,RIGHT($L23,3)="2SP"),VLOOKUP(CONCATENATE(LEFT($L23,2),"L"),$R$63:$T$90,3,FALSE),0)-IF(AND($M$16=H$18,$M$14<>$M$15,$M$16=$M$17,RIGHT($M23,3)="2SP"),VLOOKUP(CONCATENATE(LEFT($M23,2),"L"),$R$63:$T$90,3,FALSE),0)-IF(AND($N$16=H$18,$N$14<>$N$15,$N$16=$N$17,RIGHT($N23,3)="2SP"),VLOOKUP(CONCATENATE(LEFT($N23,2),"L"),$R$63:$T$90,3,FALSE),0)-IF(AND($O$16=H$18,$O$14<>$O$15,$O$16=$O$17,RIGHT($O23,3)="2SP"),VLOOKUP(CONCATENATE(LEFT($O23,2),"L"),$R$63:$T$90,3,FALSE),0)-IF(AND($P$16=H$18,$P$14<>$P$15,$P$16=$P$17,RIGHT($P23,3)="2SP"),VLOOKUP(CONCATENATE(LEFT($P23,2),"L"),$R$63:$T$90,3,FALSE),0)-IF(AND($Q$16=H$18,$Q$14<>$Q$15,$Q$16=$Q$17,RIGHT($Q23,3)="2SP"),VLOOKUP(CONCATENATE(LEFT($Q23,2),"L"),$R$63:$T$90,3,FALSE),0)-IF(AND($T$16=H$18,$T$14<>$T$15,$T$16=$T$17,RIGHT($T23,3)="2SP"),VLOOKUP(CONCATENATE(LEFT($T23,2),"L"),$R$63:$T$90,3,FALSE),0)-IF(AND($U$16=H$18,$U$14<>$U$15,$U$16=$U$17,RIGHT($U23,3)="2SP"),VLOOKUP(CONCATENATE(LEFT($U23,2),"L"),$R$63:$T$90,3,FALSE),0)-IF(AND($V$16=H$18,$V$14<>$V$15,$V$16=$V$17,RIGHT($V23,3)="2SP"),VLOOKUP(CONCATENATE(LEFT($V23,2),"L"),$R$63:$T$90,3,FALSE),0)-IF(AND($W$16=H$18,$W$14<>$W$15,$W$16=$W$17,RIGHT($W23,3)="2SP"),VLOOKUP(CONCATENATE(LEFT($W23,2),"L"),$R$63:$T$90,3,FALSE),0)-IF(AND($X$16=H$18,$X$14<>$X$15,$X$16=$X$17,RIGHT($X23,3)="2SP"),VLOOKUP(CONCATENATE(LEFT($X23,2),"L"),$R$63:$T$90,3,FALSE),0)-IF(AND($Y$16=H$18,$Y$14<>$Y$15,$Y$16=$Y$17,RIGHT($Y23,3)="2SP"),VLOOKUP(CONCATENATE(LEFT($Y23,2),"L"),$R$63:$T$90,3,FALSE),0)+IF(AND($K$6="CE",$T$59="2 Phases",H$18<>""),IF(VLOOKUP(CONCATENATE($A$18,"Line"),'Supply Attribution'!$F$31:$G$37,2,FALSE)="Line3",$A23,0)+IF(VLOOKUP(CONCATENATE($B$18,"Line"),'Supply Attribution'!$F$31:$G$37,2,FALSE)="Line3",$B23,0)+IF(VLOOKUP(CONCATENATE($C$18,"Line"),'Supply Attribution'!$F$31:$G$37,2,FALSE)="Line3",$C23,0)+IF(VLOOKUP(CONCATENATE($D$18,"Line"),'Supply Attribution'!$F$31:$G$37,2,FALSE)="Line3",$D23,0)+IF(VLOOKUP(CONCATENATE($E$18,"Line"),'Supply Attribution'!$F$31:$G$37,2,FALSE)="Line3",$E23,0)+IF(VLOOKUP(CONCATENATE($F$18,"Line"),'Supply Attribution'!$F$31:$G$37,2,FALSE)="Line3",$F23,0)-IF(AND($K$16=I$18,$K$14<>$K$15,$K$16=$K$17,RIGHT($K23,3)="2SP"),VLOOKUP(CONCATENATE(LEFT($K23,2),"L"),$R$63:$T$90,3,FALSE),0)-IF(AND($L$16=I$18,$L$14<>$L$15,$L$16=$L$17,RIGHT($L23,3)="2SP"),VLOOKUP(CONCATENATE(LEFT($L23,2),"L"),$R$63:$T$90,3,FALSE),0)-IF(AND($M$16=I$18,$M$14<>$M$15,$M$16=$M$17,RIGHT($M23,3)="2SP"),VLOOKUP(CONCATENATE(LEFT($M23,2),"L"),$R$63:$T$90,3,FALSE),0)-IF(AND($N$16=I$18,$N$14<>$N$15,$N$16=$N$17,RIGHT($N23,3)="2SP"),VLOOKUP(CONCATENATE(LEFT($N23,2),"L"),$R$63:$T$90,3,FALSE),0)-IF(AND($O$16=I$18,$O$14<>$O$15,$O$16=$O$17,RIGHT($O23,3)="2SP"),VLOOKUP(CONCATENATE(LEFT($O23,2),"L"),$R$63:$T$90,3,FALSE),0)-IF(AND($P$16=I$18,$P$14<>$P$15,$P$16=$P$17,RIGHT($P23,3)="2SP"),VLOOKUP(CONCATENATE(LEFT($P23,2),"L"),$R$63:$T$90,3,FALSE),0)-IF(AND($Q$16=I$18,$Q$14<>$Q$15,$Q$16=$Q$17,RIGHT($Q23,3)="2SP"),VLOOKUP(CONCATENATE(LEFT($Q23,2),"L"),$R$63:$T$90,3,FALSE),0)-IF(AND($T$16=I$18,$T$14<>$T$15,$T$16=$T$17,RIGHT($T23,3)="2SP"),VLOOKUP(CONCATENATE(LEFT($T23,2),"L"),$R$63:$T$90,3,FALSE),0)-IF(AND($U$16=I$18,$U$14<>$U$15,$U$16=$U$17,RIGHT($U23,3)="2SP"),VLOOKUP(CONCATENATE(LEFT($U23,2),"L"),$R$63:$T$90,3,FALSE),0)-IF(AND($V$16=I$18,$V$14<>$V$15,$V$16=$V$17,RIGHT($V23,3)="2SP"),VLOOKUP(CONCATENATE(LEFT($V23,2),"L"),$R$63:$T$90,3,FALSE),0)-IF(AND($W$16=I$18,$W$14<>$W$15,$W$16=$W$17,RIGHT($W23,3)="2SP"),VLOOKUP(CONCATENATE(LEFT($W23,2),"L"),$R$63:$T$90,3,FALSE),0)-IF(AND($X$16=I$18,$X$14<>$X$15,$X$16=$X$17,RIGHT($X23,3)="2SP"),VLOOKUP(CONCATENATE(LEFT($X23,2),"L"),$R$63:$T$90,3,FALSE),0)-IF(AND($Y$16=I$18,$Y$14<>$Y$15,$Y$16=$Y$17,RIGHT($Y23,3)="2SP"),VLOOKUP(CONCATENATE(LEFT($Y23,2),"L"),$R$63:$T$90,3,FALSE),0),0),"") | I23: =IF(I$18<>"",IF(VLOOKUP(CONCATENATE($A$18,"Line"),'Supply Attribution'!$F$31:$G$37,2,FALSE)=I$18,$A23,0)+IF(VLOOKUP(CONCATENATE($B$18,"Line"),'Supply Attribution'!$F$31:$G$37,2,FALSE)=I$18,$B23,0)+IF(VLOOKUP(CONCATENATE($C$18,"Line"),'Supply Attribution'!$F$31:$G$37,2,FALSE)=I$18,$C23,0)+IF(VLOOKUP(CONCATENATE($D$18,"Line"),'Supply Attribution'!$F$31:$G$37,2,FALSE)=I$18,$D23,0)+IF(VLOOKUP(CONCATENATE($E$18,"Line"),'Supply Attribution'!$F$31:$G$37,2,FALSE)=I$18,$E23,0)+IF(VLOOKUP(CONCATENATE($F$18,"Line"),'Supply Attribution'!$F$31:$G$37,2,FALSE)=I$18,$F23,0)+IF($K$6="UL",LEFT($S$90,2),0)-IF(AND($K$16=I$18,$K$14<>$K$15,$K$16=$K$17,RIGHT($K23,3)="2SP"),VLOOKUP(CONCATENATE(LEFT($K23,2),"L"),$R$63:$T$90,3,FALSE),0)-IF(AND($L$16=I$18,$L$14<>$L$15,$L$16=$L$17,RIGHT($L23,3)="2SP"),VLOOKUP(CONCATENATE(LEFT($L23,2),"L"),$R$63:$T$90,3,FALSE),0)-IF(AND($M$16=I$18,$M$14<>$M$15,$M$16=$M$17,RIGHT($M23,3)="2SP"),VLOOKUP(CONCATENATE(LEFT($M23,2),"L"),$R$63:$T$90,3,FALSE),0)-IF(AND($N$16=I$18,$N$14<>$N$15,$N$16=$N$17,RIGHT($N23,3)="2SP"),VLOOKUP(CONCATENATE(LEFT($N23,2),"L"),$R$63:$T$90,3,FALSE),0)-IF(AND($O$16=I$18,$O$14<>$O$15,$O$16=$O$17,RIGHT($O23,3)="2SP"),VLOOKUP(CONCATENATE(LEFT($O23,2),"L"),$R$63:$T$90,3,FALSE),0)-IF(AND($P$16=I$18,$P$14<>$P$15,$P$16=$P$17,RIGHT($P23,3)="2SP"),VLOOKUP(CONCATENATE(LEFT($P23,2),"L"),$R$63:$T$90,3,FALSE),0)-IF(AND($Q$16=I$18,$Q$14<>$Q$15,$Q$16=$Q$17,RIGHT($Q23,3)="2SP"),VLOOKUP(CONCATENATE(LEFT($Q23,2),"L"),$R$63:$T$90,3,FALSE),0)-IF(AND($T$16=I$18,$T$14<>$T$15,$T$16=$T$17,RIGHT($T23,3)="2SP"),VLOOKUP(CONCATENATE(LEFT($T23,2),"L"),$R$63:$T$90,3,FALSE),0)-IF(AND($U$16=I$18,$U$14<>$U$15,$U$16=$U$17,RIGHT($U23,3)="2SP"),VLOOKUP(CONCATENATE(LEFT($U23,2),"L"),$R$63:$T$90,3,FALSE),0)-IF(AND($V$16=I$18,$V$14<>$V$15,$V$16=$V$17,RIGHT($V23,3)="2SP"),VLOOKUP(CONCATENATE(LEFT($V23,2),"L"),$R$63:$T$90,3,FALSE),0)-IF(AND($W$16=I$18,$W$14<>$W$15,$W$16=$W$17,RIGHT($W23,3)="2SP"),VLOOKUP(CONCATENATE(LEFT($W23,2),"L"),$R$63:$T$90,3,FALSE),0)-IF(AND($X$16=I$18,$X$14<>$X$15,$X$16=$X$17,RIGHT($X23,3)="2SP"),VLOOKUP(CONCATENATE(LEFT($X23,2),"L"),$R$63:$T$90,3,FALSE),0)-IF(AND($Y$16=I$18,$Y$14<>$Y$15,$Y$16=$Y$17,RIGHT($Y23,3)="2SP"),VLOOKUP(CONCATENATE(LEFT($Y23,2),"L"),$R$63:$T$90,3,FALSE),0),"") | J23: =J22+1 -> 3 | K23: O3/CP | L23: P2_1SP | M23: P1_2SP | N23: -- | O23: DIRECT 1 | Z23: Standard | AA23: ON when filtering | AB23: CP | AC23: With CP | AD23: CP | AE23: =J23 -> 3
